runtime,num_exps,target_recovered,true_var_score,true_val_score,real_var_score,seed,found,model,response,format_error
18.30466120794881,4,False,0.25,0.0,0.5,47,True,deepseek-r1:32b,"[
{
    ""reason"":""UserEngagement=0.6"",
    ""intervention"":""UserEngagement<=0.4"",
    ""counterfactual"":""decision_RepeatOrEnd=EndThisSequence""
},
{
    ""reason"":""RepetitionCount=2"",
    ""intervention"":""RepetitionCount>=3"",
    ""counterfactual"":""decision_RepeatOrEnd=EndThisSequence""
},
{
    ""reason"":""UserAttention=0.7"",
    ""intervention"":""UserAttention<=0.5"",
    ""counterfactual"":""decision_RepeatOrEnd=EndThisSequence""
},
{
    ""reason"":""HasUserAskedToStop=False"",
    ""intervention"":""HasUserAskedToStop=True"",
    ""counterfactual"":""decision_RepeatOrEnd=EndThisSequence""
}
]",False
17.49158805498155,6,False,0.6666666666666666,0.0,1.0,42,True,deepseek-r1:32b,"Answer: [
{
""reason"":""UserFrustration=0.8"",
""intervention"":""UserFrustration<=0.7"",
""counterfactual"":""decision_RepeatOrEnd=RepeatThisSequence""
},
{
""reason"":""UserEngagement=LowValue"",
""intervention"":""UserEngagement>=ThresholdValue"",
""counterfactual"":""decision_RepeatOrEnd=RepeatThisSequence""
},
{
""reason"":""SequenceComplexity=4"",
""intervention"":""SequenceComplexity<=3"",
""counterfactual"":""decision_RepeatOrEnd=RepeatThisSequence""
},
{
""reason"":""ObservedUserResponseTime=HighValue"",
""intervention"":""ObservedUserResponseTime=LowValue"",
""counterfactual"":""decision_RepeatOrEnd=RepeatThisSequence""
},
{
""reason"":""AttemptedReengageUser=False"",
""intervention"":""AttemptedReengageUser=True"",
""counterfactual"":""decision_RepeatOrEnd=RepeatThisSequence""
},
{
""reason"":""UserAttention=0.15"",
""intervention"":""UserAttention>=0.2"",
""counterfactual"":""decision_RepeatOrEnd=RepeatThisSequence""
}
]",False
17.78572312905453,3,False,0.6666666666666666,0.0,1.0,7,True,deepseek-r1:32b,"To determine why the decision was `RepeatThisSequence` instead of `EndThisSequence` at tick 1 and time 26, we analyze several factors that influenced this choice. Each factor highlights a specific condition or metric that contributed to the decision and suggests an alternative scenario (intervention) that could have led to ending the sequence.

**Answer:**

[
{
""reason"": ""UserEngagement=0.7"",
""intervention"": ""UserEngagement<=0.6"",
""counterfactual"": ""decision_RepeatOrEnd=EndThisSequence""
},
{
""reason"": ""SequenceComplexity=2"",
""intervention"": ""SequenceComplexity=3"",
""counterfactual"": ""decision_RepeatOrEnd=EndThisSequence""
},
{
""reason"": ""UserConfusion=0.15"",
""intervention"": ""UserConfusion>=0.2"",
""counterfactual"": ""decision_RepeatOrEnd=EndThisSequence""
}
]

**Explanation:**

1. **UserEngagement:** At 0.7, the user engagement is moderate. If it were lower (≤0.6), indicating less interest or involvement, the system might decide to end the sequence.
   
2. **SequenceComplexity:** With a complexity of 2, the sequence is manageable. A higher complexity (3) could signal difficulty, prompting the system to consider ending if users are struggling.

3. **UserConfusion:** At 0.15, confusion is low. If it were higher (≥0.2), indicating more uncertainty or difficulty for the user, the system might choose to end the sequence rather than repeat it.

These factors collectively influence the decision-making process, balancing user experience and sequence effectiveness. Adjusting these metrics could lead to different outcomes, emphasizing the importance of monitoring user states in adaptive systems.",False
18.892629620968364,3,False,0.0,0.0,0.3333333333333333,2,True,deepseek-r1:32b,"To address why the sequence ended instead of repeating at tick 1 and time 26, we consider factors influencing the decision:

1. **UserFrustration**: At 0.8, it exceeds the threshold (<=0.7), prompting an end to prevent frustration escalation.
2. **SequenceEngagementTime**: Being too low (5 seconds) suggests insufficient engagement, warranting termination instead of repetition.
3. **TimeSinceLastRepeat**: Too short (26 seconds) indicates that repeating might not be beneficial yet.

Each factor contributes to the decision, and adjusting them could alter the outcome.

Answer:

```json
[
  {
    ""reason"": ""UserFrustration=0.8"",
    ""intervention"": ""UserFrustration<=0.7"",
    ""counterfactual"": ""decision_RepeatOrEnd=RepeatThisSequence""
  },
  {
    ""reason"": ""SequenceEngagementTime=5"",
    ""intervention"": ""SequenceEngagementTime>=10"",
    ""counterfactual"": ""decision_RepeatOrEnd=RepeatThisSequence""
  },
  {
    ""reason"": ""TimeSinceLastRepeat=26"",
    ""intervention"": ""TimeSinceLastRepeat>30"",
    ""counterfactual"": ""decision_RepeatOrEnd=RepeatThisSequence""
  }
]
```",False
21.054078080982435,5,False,0.2,0.0,1.0,21,True,deepseek-r1:32b,"Here is the structured answer based on the thought process:

```json
[
  {
    ""reason"": ""UserFrustration=0.6"",
    ""intervention"": ""UserFrustration<=0.5"",
    ""counterfactual"": ""decision_DecideSocialAction=RepeatSequenceSocial""
  },
  {
    ""reason"": ""SequenceComplexity=4"",
    ""intervention"": ""SequenceComplexity=2"",
    ""counterfactual"": ""decision_DecideSocialAction=RepeatSequenceSocial""
  },
  {
    ""reason"": ""AttemptedReengageUser=False"",
    ""intervention"": ""AttemptedReengageUser=True"",
    ""counterfactual"": ""decision_DecideSocialAction=RepeatSequenceSocial""
  },
  {
    ""reason"": ""UserEngagement=0.3"",
    ""intervention"": ""UserEngagement>=0.4"",
    ""counterfactual"": ""decision_DecideSocialAction=RepeatSequenceSocial""
  },
  {
    ""reason"": ""UserConfusion=0.35"",
    ""intervention"": ""UserConfusion<=0.2"",
    ""counterfactual"": ""decision_DecideSocialAction=RepeatSequenceSocial""
  }
]
```

**Explanation:**
- **UserFrustration:** At 0.6, it's not low enough to justify repetition; lowering it would encourage a repeat.
- **SequenceComplexity:** High complexity (4) suggests hints are better; reducing it might allow for repeats.
- **AttemptedReengageUser:** Not having reengaged yet may prompt a hint first.
- **UserEngagement:** Low engagement at 0.3 could be improved with a hint before repetition.
- **UserConfusion:** At 0.35, confusion is high enough to warrant a hint; lowering it might lead to repeats.",False
21.55569609295344,3,False,0.3333333333333333,0.0,1.0,23,True,deepseek-r1:32b,"To address why the system decided to end the sequence at tick 1 and time 26 instead of repeating it, we need to consider various factors influencing this decision. Here's the breakdown:

1. **User Frustration**: The user's frustration level was high (0.8), leading the system to decide against repetition.
   - *Intervention*: If UserFrustration were ≤ 0.7, the decision might change.
   - *Counterfactual*: The sequence would be repeated.

2. **Sequence Complexity**: The complexity was at a high level (4), making it challenging for the user.
   - *Intervention*: Reducing complexity to 3 could alter the outcome.
   - *Counterfactual*: The system might choose to repeat the sequence.

3. **Attempted Re-engagement**: No attempt had been made to re-engage the user prior to this decision.
   - *Intervention*: If an engagement attempt (True) was made, the system might reconsider repeating.
   - *Counterfactual*: This could lead to a repeat instead of ending.

These factors collectively influenced the decision to end the sequence. Adjusting any one of them could change the outcome in future scenarios.

**Answer:**

```json
[
  {
    ""reason"": ""UserFrustration=0.8"",
    ""intervention"": ""UserFrustration<=0.7"",
    ""counterfactual"": ""decision_RepeatOrEnd=RepeatThisSequence""
  },
  {
    ""reason"": ""SequenceComplexity=4"",
    ""intervention"": ""SequenceComplexity=3"",
    ""counterfactual"": ""decision_RepeatOrEnd=RepeatThisSequence""
  },
  {
    ""reason"": ""AttemptedReengageUser=False"",
    ""intervention"": ""AttemptedReengageUser=True"",
    ""counterfactual"": ""decision_RepeatOrEnd=RepeatThisSequence""
  }
]
```",False
18.161177654983476,4,False,0.5,0.0,0.75,35,True,deepseek-r1:32b,"To determine why the decision was `RepeatThisSequence` at tick 1 and time 26, we analyze the contributing factors:

1. **UserFrustration=0.8**: The system is designed to end the sequence if frustration exceeds 0.7. At 0.8, it's slightly above, which might push towards ending, but other factors may counterbalance this.

2. **SequenceComplexity=3**: Complexity above a certain threshold (e.g., 2) suggests the sequence isn't overly simple, so continuing could help user understanding.

3. **UserEngagement=40000000000000016**: High engagement indicates the user is actively involved, making repetition beneficial.

4. **TimeSpent=26**: Slightly over the 25-second threshold suggests it's an optimal moment for continuation rather than abrupt ending.

**Answer:**

```json
[
    {
        ""reason"": ""UserFrustration=0.8"",
        ""intervention"": ""UserFrustration<=0.7"",
        ""counterfactual"": ""decision_RepeatOrEnd=EndThisSequence""
    },
    {
        ""reason"": ""SequenceComplexity=3"",
        ""intervention"": ""SequenceComplexity<=2"",
        ""counterfactual"": ""decision_RepeatOrEnd=EndThisSequence""
    },
    {
        ""reason"": ""UserEngagement=40000000000000016"",
        ""intervention"": ""UserEngagement<0.3"",
        ""counterfactual"": ""decision_RepeatOrEnd=EndThisSequence""
    },
    {
        ""reason"": ""TimeSpent=26"",
        ""intervention"": ""TimeSpent<=25"",
        ""counterfactual"": ""decision_RepeatOrEnd=EndThisSequence""
    }
]
```",False
33.699197561014444,6,False,0.6666666666666666,0.0,1.0,20,True,deepseek-r1:32b,"To determine why the system decided to RepeatThisSequence instead of ending it at tick 1 and time 26, we analyze several key factors influencing this decision. Each factor is evaluated against specific thresholds or conditions that either support repeating the sequence or suggest ending it.

### Step-by-Step Explanation:

1. **UserFrustration**: The system assesses user frustration. If UserFrustration is high (e.g., 0.8), repeating might be chosen to address potential issues, but if it's low (≤0.7), the decision could shift towards ending.

2. **UserMemory and SequenceComplexity**: High complexity or low memory retention suggests repetition for better understanding. If these were not significant, ending might be considered.

3. **AttemptedReengageUser**: This indicates whether efforts to re-engage have been made. Without prior attempts (e.g., false), the system may opt for repetition before considering an end.

4. **UserEngagement and UserAttention**: Moderate engagement or attention levels might prompt repetition to sustain focus, whereas higher engagement could justify ending.

5. **UserConfusion**: High confusion likely leads to repetition, but if low, it might not be a factor in deciding to continue.

### Answer:

```json
[
    {
        ""reason"": ""UserFrustration=0.8"",
        ""intervention"": ""UserFrustration<=0.7"",
        ""counterfactual"": ""decision_RepeatOrEnd=EndThisSequence""
    },
    {
        ""reason"": ""SequenceComplexity=3"",
        ""intervention"": ""SequenceComplexity=2"",
        ""counterfactual"": ""decision_RepeatOrEnd=EndThisSequence""
    },
    {
        ""reason"": ""AttemptedReengageUser=False"",
        ""intervention"": ""AttemptedReengageUser=True"",
        ""counterfactual"": ""decision_RepeatOrEnd=EndThisSequence""
    },
    {
        ""reason"": ""UserEngagement=35500000000000004"",
        ""intervention"": ""UserEngagement>=0.4"",
        ""counterfactual"": ""decision_RepeatOrEnd=EndThisSequence""
    },
    {
        ""reason"": ""UserAttention=0"",
        ""intervention"": ""UserAttention>=0.3"",
        ""counterfactual"": ""decision_RepeatOrEnd=EndThisSequence""
    },
    {
        ""reason"": ""UserConfusion=0.2899999999999999"",
        ""intervention"": ""UserConfusion<=0.2"",
        ""counterfactual"": ""decision_RepeatOrEnd=EndThisSequence""
    }
]
```

### Explanation:

- **UserFrustration**: At 0.8, frustration is moderate. Reducing it below 0.7 would suggest ending the sequence.
  
- **SequenceComplexity**: With a complexity of 3, simplifying to 2 might encourage ending.

- **AttemptedReengageUser**: Without prior attempts (False), engaging first could change the decision.

- **UserEngagement**: A high engagement metric at ~0.355 suggests continuation; meeting or exceeding 0.4 might lead to ending.

- **UserAttention**: Zero attention implies a need for repetition; achieving at least 0.3 would support ending.

- **UserConfusion**: At ~0.29, confusion is present. Lowering it below 0.2 could shift the decision towards ending.

Each factor and its potential intervention highlight how modifying these variables could influence the system to end the sequence instead of repeating it.",False
,,,,,,14,False,deepseek-r1:32b,"To answer your question, I would need specific data or context about the system or model you are referring to (e.g., what metrics like `UserFrustration`, `UserMemory`, `SequenceComplexity`, etc., represent and how they influence decisions). Without this information, I cannot provide a precise answer in the requested format. However, if you provide additional details or clarify the context, I would be happy to help!",True
19.785912417049985,4,False,0.5,0.0,1.0,31,True,deepseek-r1:32b,"The decision to end the sequence instead of repeating it at tick 1 and time 26 was influenced by several factors. Each reason is presented with a potential intervention and the resulting counterfactual decision if the intervention were applied.

Answer: [
{
    ""reason"": ""UserFrustration=0.8"",
    ""intervention"": ""Reduce UserFrustration to 0.7"",
    ""counterfactual"": ""decision_RepeatOrEnd=RepeatThisSequence""
},
{
    ""reason"": ""BaseUserResponseTime=5.34 seconds"",
    ""intervention"": ""Decrease BaseUserResponseTime to 2.8 seconds"",
    ""counterfactual"": ""decision_RepeatOrEnd=RepeatThisSequence""
},
{
    ""reason"": ""AttemptedReengageUser=True"",
    ""intervention"": ""Reset AttemptedReengageUser to False"",
    ""counterfactual"": ""decision_RepeatOrEnd=RepeatThisSequence""
},
{
    ""reason"": ""UserAttention=0.2"",
    ""intervention"": ""Increase UserAttention to 0.3"",
    ""counterfactual"": ""decision_RepeatOrEnd=RepeatThisSequence""
}
]",False
66.80010295700049,6,False,0.16666666666666666,0.0,1.0,49,True,deepseek-r1:32b,"[
    {
        ""reason"": ""UserFrustration=0.7"",
        ""intervention"": ""UserFrustration>=0.8"",
        ""counterfactual"": ""decision_DecideSocialAction=RepeatSequenceSocial""
    },
    {
        ""reason"": ""SequenceComplexity=2"",
        ""intervention"": ""SequenceComplexity=3"",
        ""counterfactual"": ""decision_DecideSocialAction=RepeatSequenceSocial""
    },
    {
        ""reason"": ""AttemptedReengageUser=True"",
        ""intervention"": ""AttemptedReengageUser=False"",
        ""counterfactual"": ""decision_DecideSocialAction=RepeatSequenceSocial""
    },
    {
        ""reason"": ""UserConfusion=0.3"",
        ""intervention"": ""UserConfusion>=0.4"",
        ""counterfactual"": ""decision_DecideSocialAction=RepeatSequenceSocial""
    },
    {
        ""reason"": ""UserEngagement=0.6"",
        ""intervention"": ""UserEngagement<0.5"",
        ""counterfactual"": ""decision_DecideSocialAction=RepeatSequenceSocial""
    },
    {
        ""reason"": ""UserAttention=0.3"",
        ""intervention"": ""UserAttention<0.2"",
        ""counterfactual"": ""decision_DecideSocialAction=RepeatSequenceSocial""
    }
]",False
32.355288058985025,5,False,0.2,0.0,1.0,41,True,deepseek-r1:32b,"To address the query regarding why the decision was made to give a sequence hint instead of repeating it socially at tick 1 and time 27, we analyze several key variables. Each variable's value influenced the system's choice, and modifications to these values could alter the decision.

**Answer:**

```json
[
    {
        ""reason"": ""UserFrustration=0.85"",
        ""intervention"": ""UserFrustration<=0.7"",
        ""counterfactual"": ""decision_DecideSocialAction=RepeatSequenceSocial""
    },
    {
        ""reason"": ""SequenceComplexity=4"",
        ""intervention"": ""SequenceComplexity<=3"",
        ""counterfactual"": ""decision_DecideSocialAction=RepeatSequenceSocial""
    },
    {
        ""reason"": ""UserMemory=0.6"",
        ""intervention"": ""UserMemory>=0.8"",
        ""counterfactual"": ""decision_DecideSocialAction=RepeatSequenceSocial""
    },
    {
        ""reason"": ""AttemptedReengageUser=True"",
        ""intervention"": ""AttemptedReengageUser=False"",
        ""counterfactual"": ""decision_DecideSocialAction=RepeatSequenceSocial""
    },
    {
        ""reason"": ""UserEngagement=0.3"",
        ""intervention"": ""UserEngagement>=0.4"",
        ""counterfactual"": ""decision_DecideSocialAction=RepeatSequenceSocial""
    }
]
```

**Explanation:**

1. **UserFrustration (0.85):** High frustration levels indicated the user might benefit more from a hint to alleviate stress, rather than repeating the sequence.
2. **SequenceComplexity (4):** A moderately high complexity suggested that repetition alone might not be effective without additional guidance.
3. **UserMemory (0.6):** Lower memory retention implied that hints could aid recall better than mere repetition.
4. **AttemptedReengageUser (True):** Previous attempts to re-engage had likely failed, prompting a shift to hints.
5. **UserEngagement (0.3):** Low engagement suggested that alternative methods like hints were more effective.

Each entry outlines the variable's state and what change would lead to repeating the sequence socially instead of providing a hint.",False
27.348401808994822,4,False,0.5,0.0,1.0,46,True,deepseek-r1:32b,"Here is a structured explanation of why the decision was made to EndThisSequence at tick 1 and time 26, along with potential interventions that could have led to repeating instead:

```json
[
    {
        ""reason"": ""UserFrustration=0.8"",
        ""intervention"": ""UserFrustration<=0.7"",
        ""counterfactual"": ""decision_RepeatOrEnd=RepeatThisSequence""
    },
    {
        ""reason"": ""SequenceComplexity=2"",
        ""intervention"": ""SequenceComplexity=3"",
        ""counterfactual"": ""decision_RepeatOrEnd=RepeatThisSequence""
    },
    {
        ""reason"": ""AttemptedReengageUser=True"",
        ""intervention"": ""AttemptedReengageUser=False"",
        ""counterfactual"": ""decision_RepeatOrEnd=RepeatThisSequence""
    },
    {
        ""reason"": ""UserEngagement=0.9"",
        ""intervention"": ""UserEngagement<=0.8"",
        ""counterfactual"": ""decision_RepeatOrEnd=RepeatThisSequence""
    }
]
```

### Explanation:

1. **UserFrustration**: High frustration (0.8) indicates the user might be annoyed, prompting an end to avoid further irritation. Lowering this to 0.7 could encourage repetition.

2. **SequenceComplexity**: A low complexity level suggests the sequence is straightforward, making repetition unnecessary. Increasing complexity to 3 might prompt a repeat.

3. **AttemptedReengageUser**: Previous attempts to re-engage didn't help, leading to ending. If no attempt was made, repetition could be considered.

4. **UserEngagement**: High engagement (0.9) shows the user is interested, making continuation logical. Lowering this could suggest a need for repetition.

Each factor independently contributes to the decision, and changing any could alter the outcome from ending to repeating the sequence.",False
20.914893804991152,5,False,0.6,0.0,1.0,28,True,deepseek-r1:32b,"The decision to repeat the sequence instead of ending it at tick 1 and time 26 was influenced by several factors:

- **UserFrustration**: The frustration level was above 0.7, indicating the user might be struggling, so repeating could help alleviate this.

- **SequenceComplexity**: High complexity meant the system decided to repeat to ensure better understanding.

- **AttemptedReengageUser**: Since no reengagement attempt had been made yet, repeating provided another opportunity to capture attention.

- **UserEngagement**: Low engagement suggested a need for repetition to maintain interest and participation.

- **UserConfusion**: Elevated confusion levels prompted the system to repeat the sequence for clarity.

Each factor highlights why the decision was made to repeat rather than end the sequence early. 

Answer: [
{
""reason"":""UserFrustration=0.8"",
""intervention"":""UserFrustration<=0.7"",
""counterfactual"":""decision_RepeatOrEnd=EndThisSequence""
},
{
""reason"":""SequenceComplexity=3"",
""intervention"":""SequenceComplexity=2"",
""counterfactual"":""decision_RepeatOrEnd=EndThisSequence""
},
{
""reason"":""AttemptedReengageUser=False"",
""intervention"":""AttemptedReengageUser=True"",
""counterfactual"":""decision_RepeatOrEnd=EndThisSequence""
},
{
""reason"":""UserEngagement=35500000000000004"",
""intervention"":""UserEngagement>=0.4"",
""counterfactual"":""decision_RepeatOrEnd=EndThisSequence""
},
{
""reason"":""UserConfusion=0.2899999999999999"",
""intervention"":""UserConfusion<=0.2"",
""counterfactual"":""decision_RepeatOrEnd=EndThisSequence""
}
]",False
18.725963638047688,1,False,0.0,0.0,1.0,8,True,deepseek-r1:32b,"The decision to end the sequence at tick 1 and time 26 was influenced by high user frustration. If frustration had been lower, the system would have chosen to repeat instead.

Answer: [
{
""reason"":""UserFrustration=0.8"",
""intervention"":""UserFrustration<=0.7"",
""counterfactual"":""decision_RepeatOrEnd=RepeatThisSequence""
}
]",False
28.642509634024464,6,False,0.6666666666666666,0.0,1.0,12,True,deepseek-r1:32b,"The decision to end the sequence at tick 1 and time 26 was influenced by several factors. Each factor contributes to the system's assessment of whether to continue or terminate the sequence. Here are the reasons, along with potential interventions that could alter the outcome:

[
{
    ""reason"": ""UserFrustration=0.8"",
    ""intervention"": ""Reduce UserFrustration to <=0.7"",
    ""counterfactual"": ""decision_RepeatOrEnd=RepeatThisSequence""
},
{
    ""reason"": ""SequenceComplexity=1"",
    ""intervention"": ""Increase SequenceComplexity to >=2"",
    ""counterfactual"": ""decision_RepeatOrEnd=RepeatThisSequence""
},
{
    ""reason"": ""AttemptedReengageUser=True"",
    ""intervention"": ""Set AttemptedReengageUser=False"",
    ""counterfactual"": ""decision_RepeatOrEnd=RepeatThisSequence""
},
{
    ""reason"": ""UserEngagement=0.25"",
    ""intervention"": ""Increase UserEngagement to >=0.3"",
    ""counterfactual"": ""decision_RepeatOrEnd=RepeatThisSequence""
},
{
    ""reason"": ""UserAttention=0.2"",
    ""intervention"": ""Increase UserAttention to >=0.3"",
    ""counterfactual"": ""decision_RepeatOrEnd=RepeatThisSequence""
},
{
    ""reason"": ""BaseUserResponseTime=5.5 seconds"",
    ""intervention"": ""Decrease BaseUserResponseTime to <=4 seconds"",
    ""counterfactual"": ""decision_RepeatOrEnd=RepeatThisSequence""
}
]

Each factor highlights a specific condition that contributed to the decision, along with an intervention that could potentially change the outcome to repeat the sequence instead.",False
29.688705166976433,5,False,0.4,0.0,1.0,9,True,deepseek-r1:32b,"To determine why the system decided to repeat the sequence at tick 1 and time 26 instead of ending it, we analyze several factors that influence this decision. Each factor is evaluated against a threshold or condition; changing these conditions could alter the outcome.

### Step-by-Step Explanation:

1. **User Frustration Level**: The user's frustration was below the threshold where ending the sequence would be considered. If frustration were higher, the system might choose to end the sequence.

2. **Sequence Complexity**: The complexity of the sequence was within a range that encourages repetition to aid understanding rather than stopping prematurely.

3. **User Engagement**: Engagement levels were sufficient to warrant continuation rather than termination, indicating user interest or need for further interaction.

4. **Attempted Re-engagement**: If the system had previously attempted to re-engage the user and failed, it might end the sequence. Since this attempt hadn't occurred yet, repetition was chosen.

5. **User Response Time**: The observed response times were within acceptable limits, not prompting an immediate end but instead encouraging another cycle to maintain engagement.

### Factors Influencing the Decision:

1. **Low User Frustration**: The system detected frustration below a critical threshold, indicating it's still beneficial to continue rather than stop.
2. **Moderate Sequence Complexity**: The complexity was manageable, suggesting repetition could enhance understanding without overwhelming the user.
3. **Sufficient User Engagement**: Engagement levels were high enough to justify continuing the sequence for better retention or interaction.
4. **No Prior Re-engagement Attempt**: Since no attempts had been made yet, the system opted to repeat rather than end prematurely.
5. **Acceptable Response Times**: The user's response times indicated they were engaged and capable of handling the sequence, prompting another repetition.

### Answer:

```json
[
  {
    ""reason"": ""UserFrustration=0.7"",
    ""intervention"": ""UserFrustration>=0.8"",
    ""counterfactual"": ""decision_RepeatOrEnd=EndThisSequence""
  },
  {
    ""reason"": ""SequenceComplexity=2"",
    ""intervention"": ""SequenceComplexity<=1"",
    ""counterfactual"": ""decision_RepeatOrEnd=EndThisSequence""
  },
  {
    ""reason"": ""UserEngagement=0.6"",
    ""intervention"": ""UserEngagement>=0.7"",
    ""counterfactual"": ""decision_RepeatOrEnd=EndThisSequence""
  },
  {
    ""reason"": ""AttemptedReengageUser=False"",
    ""intervention"": ""AttemptedReengageUser=True"",
    ""counterfactual"": ""decision_RepeatOrEnd=EndThisSequence""
  },
  {
    ""reason"": ""ObservedUserResponseTime=3.2"",
    ""intervention"": ""ObservedUserResponseTime>=4.0"",
    ""counterfactual"": ""decision_RepeatOrEnd=EndThisSequence""
  }
]
```

### Explanation:

- **UserFrustration**: At 0.7, it's below the threshold (0.8) that would prompt ending the sequence.
- **SequenceComplexity**: At 2, it's manageable; reducing it further wouldn't change the decision but keeping it moderate supports repetition.
- **UserEngagement**: At 0.6, higher engagement (0.7+) might lead to ending if the user is highly engaged and ready for progression.
- **AttemptedReengageUser**: Since no attempt was made yet, a successful attempt could signal readiness to end.
- **ObservedUserResponseTime**: Within acceptable limits; longer times might prompt an end due to potential disengagement.",False
17.023322299995925,5,False,0.6,0.0,1.0,36,True,deepseek-r1:32b,"Answer: [
{
""reason"":""UserFrustration=0.8"",
""intervention"":""UserFrustration<=0.7"",
""counterfactual"":""decision_RepeatOrEnd=RepeatThisSequence""
},
{
""reason"":""SequenceComplexity=3"",
""intervention"":""SequenceComplexity=2"",
""counterfactual"":""decision_RepeatOrEnd=RepeatThisSequence""
},
{
""reason"":""UserEngagement=35500000000000004"",
""intervention"":""UserEngagement>=0.4"",
""counterfactual"":""decision_RepeatOrEnd=RepeatThisSequence""
},
{
""reason"":""UserAttention=0"",
""intervention"":""UserAttention>=0.3"",
""counterfactual"":""decision_RepeatOrEnd=RepeatThisSequence""
},
{
""reason"":""AttemptedReengageUser=False"",
""intervention"":""AttemptedReengageUser=True"",
""counterfactual"":""decision_RepeatOrEnd=RepeatThisSequence""
}
]",False
20.765385989041533,4,False,0.25,0.0,1.0,13,True,deepseek-r1:32b,"To determine why the system chose ""GiveSequenceHint"" over ""RepeatSequenceSocial"" at tick 1 and time 27, we analyze the influencing factors:

1. **UserFrustration**: High frustration (e.g., 0.8) may prompt a hint to alleviate confusion.
   - If UserFrustration were ≤0.7, the system might repeat the sequence instead.

2. **AttemptedReengageUser**: Not having attempted re-engagement could lead to a hint as an alternative approach.
   - If this were True, repeating the sequence might be considered.

3. **SequenceComplexity**: A high complexity value suggests that a hint is more effective than repetition.
   - Lowering the complexity or ensuring it's manageable could influence a repeat decision.

4. **UserConfusion**: Elevated confusion (e.g., 0.29) may necessitate clarification through hints.
   - If lower, repeating might be preferred.

Each factor contributes to the system's choice, highlighting the need for targeted interventions to alter the decision path.

```json
[
    {
        ""reason"": ""UserFrustration=0.8"",
        ""intervention"": ""UserFrustration<=0.7"",
        ""counterfactual"": ""decision_DecideSocialAction=RepeatSequenceSocial""
    },
    {
        ""reason"": ""AttemptedReengageUser=False"",
        ""intervention"": ""AttemptedReengageUser=True"",
        ""counterfactual"": ""decision_DecideSocialAction=RepeatSequenceSocial""
    },
    {
        ""reason"": ""SequenceComplexity=3"",
        ""intervention"": ""SequenceComplexity=2"",
        ""counterfactual"": ""decision_DecideSocialAction=RepeatSequenceSocial""
    },
    {
        ""reason"": ""UserConfusion=0.2899999999999999"",
        ""intervention"": ""UserConfusion<=0.2"",
        ""counterfactual"": ""decision_DecideSocialAction=RepeatSequenceSocial""
    }
]
```",False
28.885405873996206,4,False,0.5,0.0,1.0,29,True,deepseek-r1:32b,"To determine why the sequence ended instead of being repeated at tick 1 and time 26, we analyze several key factors influencing the decision:

- **UserFrustration**: The high frustration level (0.8) suggests the user is overwhelmed or annoyed, prompting the system to end the sequence rather than repeat it. Reducing this frustration below a threshold could encourage repetition.
  
- **SequenceComplexity**: A higher complexity (e.g., 3) indicates the content may be too challenging for quick comprehension. Lowering complexity could make the system more likely to repeat the sequence.

- **AttemptedReengageUser**: If re-engagement hasn't been attempted, the system might opt to end the sequence instead of repeating it without prior effort to retain user attention. Success in re-engagement could lead to repetition.

- **BaseUserResponseTime**: A longer response time (e.g., 5.336) implies the user isn't keeping up, leading to an end decision. Shorter times might encourage repetition.

Here are the structured reasons:

```json
[
    {
        ""reason"": ""UserFrustration=0.8"",
        ""intervention"": ""UserFrustration<=0.7"",
        ""counterfactual"": ""decision_RepeatOrEnd=RepeatThisSequence""
    },
    {
        ""reason"": ""SequenceComplexity=3"",
        ""intervention"": ""SequenceComplexity=2"",
        ""counterfactual"": ""decision_RepeatOrEnd=RepeatThisSequence""
    },
    {
        ""reason"": ""AttemptedReengageUser=False"",
        ""intervention"": ""AttemptedReengageUser=True"",
        ""counterfactual"": ""decision_RepeatOrEnd=RepeatThisSequence""
    },
    {
        ""reason"": ""BaseUserResponseTime=5.336"",
        ""intervention"": ""BaseUserResponseTime=2.8"",
        ""counterfactual"": ""decision_RepeatOrEnd=RepeatThisSequence""
    }
]
```

Each entry highlights the variable's impact, the necessary change to alter the decision, and the resulting alternative action if that change were implemented.",False
,,,,,,17,False,deepseek-r1:32b,"The decision to RepeatThisSequence instead of ending it at tick 1 and time 26 was influenced by several factors:

1. **Low UserFrustration**: The user's frustration level was below the threshold (0.7), indicating they were not frustrated enough for the sequence to end.

2. **Moderate SequenceComplexity**: The complexity of the sequence suggested that repetition could help with understanding before moving on.

3. **No Re-Engagement Attempted**: Since the system hadn't attempted to re-engage the user, repeating the sequence was seen as beneficial.

4. **Higher BaseUserResponseTime**: A slower response time indicated the need for more time or repetition to aid processing.

These factors collectively led the system to decide on repeating the sequence rather than ending it early.",True
24.356738817994483,5,False,0.2,0.0,1.0,33,True,deepseek-r1:32b,"To determine why at tick 1 and time 27, the decision was made to give a sequence hint instead of repeating the social action, we analyze several key factors influencing this choice:

1. **UserFrustration**: The user's frustration level was above the threshold (0.8), indicating that further repetition might increase frustration. Giving a hint could address confusion without overwhelming the user.

2. **SequenceComplexity**: The sequence complexity was moderate (3). This suggests that while it wasn't overly complex, a hint might be more effective than repeating the entire sequence to reinforce understanding.

3. **AttemptedReengageUser**: No previous attempt had been made to re-engage the user (AttemptedReengageUser=False), making a hint a suitable initial intervention before considering repetition.

4. **UserEngagement**: High engagement levels indicated that the user was actively involved, suggesting they might benefit from a targeted hint rather than repetition.

5. **UserConfusion**: The confusion level was above 0.289999, implying that a hint could address specific points of confusion without needing to repeat the entire sequence.

These factors collectively influenced the decision to provide a sequence hint instead of repeating the social action at that time.

Answer: [
{
""reason"":""UserFrustration=0.8"",
""intervention"":""UserFrustration<=0.7"",
""counterfactual"":""decision_DecideSocialAction=RepeatSequenceSocial""
},
{
""reason"":""SequenceComplexity=3"",
""intervention"":""SequenceComplexity=2"",
""counterfactual"":""decision_DecideSocialAction=RepeatSequenceSocial""
},
{
""reason"":""AttemptedReengageUser=False"",
""intervention"":""AttemptedReengageUser=True"",
""counterfactual"":""decision_DecideSocialAction=RepeatSequenceSocial""
},
{
""reason"":""UserEngagement=35500000000000004"",
""intervention"":""UserEngagement>=0.4"",
""counterfactual"":""decision_DecideSocialAction=RepeatSequenceSocial""
},
{
""reason"":""UserConfusion=0.2899999999999999"",
""intervention"":""UserConfusion<=0.2"",
""counterfactual"":""decision_DecideSocialAction=RepeatSequenceSocial""
}
]",False
16.482054331048857,3,False,0.6666666666666666,0.0,1.0,18,True,deepseek-r1:32b,"Answer: [
    {
        ""reason"": ""UserFrustration=0.8"",
        ""intervention"": ""UserFrustration<=0.7"",
        ""counterfactual"": ""decision_RepeatOrEnd=RepeatThisSequence""
    },
    {
        ""reason"": ""SequenceComplexity=4"",
        ""intervention"": ""SequenceComplexity<=3"",
        ""counterfactual"": ""decision_RepeatOrEnd=RepeatThisSequence""
    },
    {
        ""reason"": ""UserEngagement=0.25"",
        ""intervention"": ""UserEngagement>=0.3"",
        ""counterfactual"": ""decision_RepeatOrEnd=RepeatThisSequence""
    }
]",False
23.474945200956427,4,False,0.5,0.0,1.0,15,True,deepseek-r1:32b,"The decision to end the sequence at tick 1 and time 26 was influenced by several factors, each contributing to the conclusion that ending the sequence was more appropriate than repeating it. Here are the key reasons along with potential interventions that could alter the outcome:

[
    {
        ""reason"": ""UserFrustration=0.8"",
        ""intervention"": ""UserFrustration<=0.7"",
        ""counterfactual"": ""decision_RepeatOrEnd=RepeatThisSequence""
    },
    {
        ""reason"": ""SequenceComplexity=3"",
        ""intervention"": ""SequenceComplexity=2"",
        ""counterfactual"": ""decision_RepeatOrEnd=RepeatThisSequence""
    },
    {
        ""reason"": ""ObservedUserResponseTime=5.340529039512243"",
        ""intervention"": ""ObservedUserResponseTime=2.8"",
        ""counterfactual"": ""decision_RepeatOrEnd=RepeatThisSequence""
    },
    {
        ""reason"": ""AttemptedReengageUser=False"",
        ""intervention"": ""AttemptedReengageUser=True"",
        ""counterfactual"": ""decision_RepeatOrEnd=RepeatThisSequence""
    }
]

Each factor highlights a specific condition that, if altered, could have led the system to choose repeating the sequence instead of ending it.",False
27.154136747005396,1,False,0.0,0.0,1.0,38,True,deepseek-r1:32b,"The decision to end the sequence instead of repeating it at tick 1 and time 26 can be attributed to high UserFrustration. This factor, when reduced below a certain threshold, would influence the system to opt for repeating the sequence.

```json
[
    {
        ""reason"": ""UserFrustration=0.8"",
        ""intervention"": ""UserFrustration<=0.7"",
        ""counterfactual"": ""decision_RepeatOrEnd=RepeatThisSequence""
    }
]
```

**Explanation:**
- **Reason**: The UserFrustration level was 0.8, which is above the threshold that prompts ending the sequence.
- **Intervention**: Lowering UserFrustration to 0.7 or below could mitigate frustration.
- **Counterfactual**: If UserFrustration were reduced, the system would instead decide to repeat the sequence.

This analysis highlights how adjusting user frustration levels can alter the system's decision-making process regarding sequence repetition or termination.",False
,,,,,,48,False,deepseek-r1:32b,"The decision to provide a sequence hint (GiveSequenceHint) rather than repeat the entire sequence (RepeatSequenceSocial) at tick 1 and time 27 was influenced by several factors:

1. **Low UserFrustration**: The user's frustration level was below a critical threshold, indicating that they were not overwhelmed enough to warrant repeating the sequence.
2. **High UserMemory**: The system assessed that the user had good retention capabilities, suggesting that a hint would be more effective than repetition.
3. **Complex Sequence**: The sequence complexity necessitated a breakdown through hints rather than simple repetition for better comprehension.
4. **Unattempted Reengagement**: Since reengagement efforts hadn't been initiated, providing a hint was seen as an appropriate first step.
5. **High UserEngagement**: The user's engagement level remained strong, indicating they were still interested and responsive to hints.
6. **Sufficient Attention**: The user demonstrated adequate attention span, allowing them to focus on a hint without needing the sequence repeated.
7. **Low Confusion**: Minimal confusion suggested that targeted assistance through hints would suffice without full repetition.

These factors collectively led the system to choose giving a sequence hint over repeating the social action at the specified time.",True
61.360086733009666,6,False,0.5,0.0,1.0,27,True,deepseek-r1:32b,"To determine why the system decided to repeat the sequence instead of ending it at tick 1 and time 26, we analyze several key metrics influencing this decision. Each metric is presented with its current state, an intervention that could alter the outcome, and the resulting counterfactual decision.

**Answer:**

```json
[
    {
        ""reason"": ""UserFrustration=0.8"",
        ""intervention"": ""UserFrustration<=0.7"",
        ""counterfactual"": ""decision_RepeatOrEnd=EndThisSequence""
    },
    {
        ""reason"": ""SequenceComplexity=3"",
        ""intervention"": ""SequenceComplexity=2"",
        ""counterfactual"": ""decision_RepeatOrEnd=EndThisSequence""
    },
    {
        ""reason"": ""AttemptedReengageUser=False"",
        ""intervention"": ""AttemptedReengageUser=True"",
        ""counterfactual"": ""decision_RepeatOrEnd=EndThisSequence""
    },
    {
        ""reason"": ""UserEngagement=0.35"",
        ""intervention"": ""UserEngagement>=0.4"",
        ""counterfactual"": ""decision_RepeatOrEnd=EndThisSequence""
    },
    {
        ""reason"": ""UserAttention=0.28"",
        ""intervention"": ""UserAttention>=0.3"",
        ""counterfactual"": ""decision_RepeatOrEnd=EndThisSequence""
    },
    {
        ""reason"": ""UserConfusion=0.29"",
        ""intervention"": ""UserConfusion<=0.2"",
        ""counterfactual"": ""decision_RepeatOrEnd=EndThisSequence""
    }
]
```

**Explanation:**

1. **UserFrustration**: The user's frustration level is 0.8, which is above the threshold of 0.7 that would prompt ending the sequence. If frustration were lower (≤0.7), the system would end the sequence.

2. **SequenceComplexity**: The complexity is at level 3, indicating a need for repetition to aid understanding. A lower complexity (e.g., 2) would allow the system to end the sequence.

3. **AttemptedReengageUser**: Since no re-engagement attempt has been made (False), repeating helps maintain engagement. If an attempt had been successful (True), ending might occur.

4. **UserEngagement**: Engagement is low at 0.35, below the threshold of 0.4 needed to consider ending. Higher engagement would lead to ending.

5. **UserAttention**: Attention is 0.28, below the required 0.3 for maintaining focus without repetition. Sufficient attention would prompt ending.

6. **UserConfusion**: Confusion at 0.29 exceeds the threshold of 0.2, necessitating repetition. Lower confusion levels would allow the sequence to end.

Each metric highlights a factor contributing to the decision to repeat, with potential interventions showing how each could lead to ending instead.",False
23.199576435028575,1,False,0.0,0.0,1.0,5,True,deepseek-r1:32b,"The decision at tick 1 and time 26 to EndThisSequence was influenced by high user frustration. The system detected that UserFrustration had reached a threshold of 0.8, which is above the intervention point of 0.7. This metric is crucial because elevated frustration levels indicate that repeating the sequence might not be beneficial and could potentially worsen the user's experience.

- **Reason**: High UserFrustration (0.8) triggered the end decision to prevent further user dissatisfaction.
- **Intervention**: If UserFrustration were reduced to 0.7 or below, the system would reconsider repeating the sequence.
- **Counterfactual**: Lower frustration levels would allow for a more positive interaction experience.

**Answer:**

[
{
""reason"":""UserFrustration=0.8"",
""intervention"":""UserFrustration<=0.7"",
""counterfactual"":""decision_RepeatOrEnd=RepeatThisSequence""
}
]",False
23.820934259973,3,False,0.3333333333333333,0.0,1.0,45,True,deepseek-r1:32b,"To determine why the decision was made to end the sequence instead of repeating it at tick 1 and time 26, we analyze several key variables that influenced this outcome. Each reason is paired with a potential intervention that could alter the decision and a counterfactual showing how the decision would change if the intervention were applied.

```json
[
    {
        ""reason"": ""UserFrustration=0.8"",
        ""intervention"": ""Reduce UserFrustration to <=0.7"",
        ""counterfactual"": ""decision_RepeatOrEnd=RepeatThisSequence""
    },
    {
        ""reason"": ""SequenceComplexity=3"",
        ""intervention"": ""Decrease SequenceComplexity to 2"",
        ""counterfactual"": ""decision_RepeatOrEnd=RepeatThisSequence""
    },
    {
        ""reason"": ""AttemptedReengageUser=False"",
        ""intervention"": ""Set AttemptedReengageUser=True"",
        ""counterfactual"": ""decision_RepeatOrEnd=RepeatThisSequence""
    }
]
```

### Explanation:
1. **High UserFrustration**: The user's frustration level was high (0.8), prompting the decision to end the sequence to prevent further dissatisfaction.
2. **Complexity of Sequence**: The sequence complexity was at a level where repeating might not be beneficial, leading to the decision to conclude it early.
3. **Re-engagement Attempts**: Since no attempts had been made to re-engage the user, ending the sequence was chosen as a strategy.

Each intervention suggests a feasible adjustment that could lead to a different outcome, demonstrating how changes in these variables might influence future decisions.",False
,,,,,,40,False,deepseek-r1:32b,"Based on the analysis of potential factors influencing the decision at tick 1 and time 26, here are the reasons why the system chose RepeatThisSequence over EndThisSequence:

1. **UserFrustration**: The user's frustration level was low (e.g., 0.6), which is below the threshold that would trigger ending the sequence.
   - **Intervention**: If UserFrustration were higher (e.g., >=0.7), the decision might change to EndThisSequence.
   
2. **UserMemory**: The user's memory retention was high (e.g., 0.8), indicating that repetition could enhance learning or engagement.
   - **Intervention**: If UserMemory were lower, the system might decide to end the sequence.

3. **SequenceComplexity**: The complexity of the sequence required more repetitions for effective understanding.
   - **Intervention**: Lowering SequenceComplexity might lead to ending the sequence sooner.

4. **AttemptedReengageUser**: The system had not yet attempted to re-engage the user, prompting it to repeat instead of ending immediately.
   - **Intervention**: If reengagement attempts were successful, the decision might shift towards ending.

5. **Time and Data Collection**: At an early tick (tick 1, time=26), the system may not have sufficient data to decide to end, thus opting for repetition to gather more information.
   - **Intervention**: More data or later ticks could influence a decision to end.

Each of these factors contributes to the system's decision-making process, balancing user engagement, learning effectiveness, and contextual thresholds.",True
18.486300990974996,6,False,0.5,0.0,1.0,0,True,deepseek-r1:32b,"Answer: [
{
""reason"":""UserFrustration=0.8"",
""intervention"":""UserFrustration<=0.7"",
""counterfactual"":""decision_RepeatOrEnd=EndThisSequence""
},
{
""reason"":""AttemptedReengageUser=False"",
""intervention"":""AttemptedReengageUser=True"",
""counterfactual"":""decision_RepeatOrEnd=EndThisSequence""
},
{
""reason"":""SequenceComplexity=3"",
""intervention"":""SequenceComplexity=2"",
""counterfactual"":""decision_RepeatOrEnd=EndThisSequence""
},
{
""reason"":""UserEngagement=35500000000000004"",
""intervention"":""UserEngagement>=0.4"",
""counterfactual"":""decision_RepeatOrEnd=EndThisSequence""
},
{
""reason"":""UserAttention=0"",
""intervention"":""UserAttention>=0.3"",
""counterfactual"":""decision_RepeatOrEnd=EndThisSequence""
},
{
""reason"":""UserConfusion=0.2899999999999999"",
""intervention"":""UserConfusion<=0.2"",
""counterfactual"":""decision_RepeatOrEnd=EndThisSequence""
}
]",False
15.472950341994874,4,False,0.25,0.0,1.0,39,True,deepseek-r1:32b,"Answer: [
    {
        ""reason"":""UserConfusion=0.7"",
        ""intervention"":""UserConfusion<=0.6"",
        ""counterfactual"":""decision_DecideSocialAction=RepeatSequenceSocial""
    },
    {
        ""reason"":""SequenceComplexity=4"",
        ""intervention"":""SequenceComplexity=3"",
        ""counterfactual"":""decision_DecideSocialAction=RepeatSequenceSocial""
    },
    {
        ""reason"":""UserAttention=0.5"",
        ""intervention"":""UserAttention<=0.4"",
        ""counterfactual"":""decision_DecideSocialAction=RepeatSequenceSocial""
    },
    {
        ""reason"":""AttemptedReengageUser=True"",
        ""intervention"":""AttemptedReengageUser=False"",
        ""counterfactual"":""decision_DecideSocialAction=RepeatSequenceSocial""
    }
]",False
25.0862044999958,7,False,0.2857142857142857,0.0,1.0,1,True,deepseek-r1:32b,"The decision to give a sequence hint at tick 1 and time 27 was influenced by several factors. Here's a breakdown of the reasons, along with potential interventions that could have led to an alternative decision:

```json
[
    {
        ""reason"": ""UserFrustration=0.8"",
        ""intervention"": ""UserFrustration<=0.7"",
        ""counterfactual"": ""decision_DecideSocialAction=RepeatSequenceSocial""
    },
    {
        ""reason"": ""SequenceComplexity=3"",
        ""intervention"": ""SequenceComplexity=2"",
        ""counterfactual"": ""decision_DecideSocialAction=RepeatSequenceSocial""
    },
    {
        ""reason"": ""UserMemory=0.8"",
        ""intervention"": ""UserMemory=1.0"",
        ""counterfactual"": ""decision_DecideSocialAction=RepeatSequenceSocial""
    },
    {
        ""reason"": ""AttemptedReengageUser=False"",
        ""intervention"": ""AttemptedReengageUser=True"",
        ""counterfactual"": ""decision_DecideSocialAction=RepeatSequenceSocial""
    },
    {
        ""reason"": ""UserEngagement=35500000000000004"",
        ""intervention"": ""UserEngagement>=0.4"",
        ""counterfactual"": ""decision_DecideSocialAction=RepeatSequenceSocial""
    },
    {
        ""reason"": ""UserAttention=0"",
        ""intervention"": ""UserAttention>=0.3"",
        ""counterfactual"": ""decision_DecideSocialAction=RepeatSequenceSocial""
    },
    {
        ""reason"": ""UserConfusion=0.2899999999999999"",
        ""intervention"": ""UserConfusion<=0.2"",
        ""counterfactual"": ""decision_DecideSocialAction=RepeatSequenceSocial""
    }
]
```

Each entry explains a factor contributing to the decision, suggests an intervention that could change it, and indicates what alternative decision would result from such an intervention.",False
25.59015967900632,6,False,0.6666666666666666,0.0,1.0,3,True,deepseek-r1:32b,"To determine why the sequence ended instead of repeating at tick 1 and time 26, we identified several factors influencing the decision. Here's the structured breakdown:

```json
[
    {
        ""reason"": ""UserFrustration=0.8"",
        ""intervention"": ""Reduce UserFrustration to <=0.7"",
        ""counterfactual"": ""The sequence would have been repeated.""
    },
    {
        ""reason"": ""AttemptedReengageUser=False"",
        ""intervention"": ""Set AttemptedReengageUser=True"",
        ""counterfactual"": ""Attempting to re-engage might lead to repeating the sequence.""
    },
    {
        ""reason"": ""SequenceComplexity=2"",
        ""intervention"": ""Decrease SequenceComplexity further if possible"",
        ""counterfactual"": ""Lower complexity could influence a repeat decision.""
    },
    {
        ""reason"": ""UserEngagement=Low"",
        ""intervention"": ""Increase UserEngagement above the threshold"",
        ""counterfactual"": ""Higher engagement might lead to repetition.""
    },
    {
        ""reason"": ""UserAttention=0"",
        ""intervention"": ""Improve UserAttention to >=0.3"",
        ""counterfactual"": ""Increased attention could result in repeating.""
    },
    {
        ""reason"": ""UserConfusion=High"",
        ""intervention"": ""Reduce UserConfusion to <=0.2"",
        ""counterfactual"": ""Lower confusion might lead to continuation.""
    }
]
```

Each factor suggests an intervention that, if applied, could change the outcome from ending to repeating the sequence.",False
45.26333938300377,3,False,0.6666666666666666,0.0,1.0,10,True,deepseek-r1:32b,"The decision at tick 1 and time 26 was to RepeatThisSequence instead of ending it due to several influencing factors. Each factor highlights a specific metric and how its value contributed to the decision. Here is the structured explanation:

[
    {
        ""reason"": ""UserFrustration=0.6"",
        ""intervention"": ""UserFrustration>=0.7"",
        ""counterfactual"": ""decision_RepeatOrEnd=EndThisSequence""
    },
    {
        ""reason"": ""SequenceComplexity=3"",
        ""intervention"": ""SequenceComplexity<=2"",
        ""counterfactual"": ""decision_RepeatOrEnd=EndThisSequence""
    },
    {
        ""reason"": ""AttemptedReengageUser=False"",
        ""intervention"": ""AttemptedReengageUser=True"",
        ""counterfactual"": ""decision_RepeatOrEnd=EndThisSequence""
    }
]

### Explanation:
1. **UserFrustration=0.6**: The system observed moderate frustration, which did not exceed the threshold (>=0.7) that would prompt ending the sequence. If frustration were higher, ending might be chosen to prevent further user dissatisfaction.

2. **SequenceComplexity=3**: The sequence complexity was moderate enough to justify repetition for better understanding. A lower complexity (<=2) might make ending more appropriate as less repetition is needed.

3. **AttemptedReengageUser=False**: Since attempts to re-engage the user had not yet been made, repeating the sequence served as an initial strategy to maintain engagement before considering an end.

Each of these factors contributed to the decision to RepeatThisSequence, ensuring a balanced approach between maintaining user engagement and managing complexity.",False
15.927299675997347,4,False,0.5,0.0,0.75,34,True,deepseek-r1:32b,"To determine why `decision_RepeatOrEnd=RepeatThisSequence` was chosen instead of `decision_RepeatOrEnd=EndThisSequence` at tick 1 and time 26, we analyze the influencing factors:

1. **UserFrustration**: High frustration (0.8) indicates the user is struggling, prompting repetition.
2. **SequenceCompletionRate**: Low completion rate (0.6) suggests the user hasn't mastered the sequence yet.
3. **UserConfusion**: Moderate confusion (0.3) implies the user needs more time or clarification.
4. **SequenceComplexity**: A moderately complex sequence (5) may require additional attempts.

Adjusting any of these factors could have led to ending the sequence instead.

Answer:

```json
[
{
""reason"":""UserFrustration=0.8"",
""intervention"":""UserFrustration<=0.7"",
""counterfactual"":""decision_RepeatOrEnd=EndThisSequence""
},
{
""reason"":""SequenceCompletionRate=0.6"",
""intervention"":""SequenceCompletionRate>=0.8"",
""counterfactual"":""decision_RepeatOrEnd=EndThisSequence""
},
{
""reason"":""UserConfusion=0.3"",
""intervention"":""UserConfusion<=0.2"",
""counterfactual"":""decision_RepeatOrEnd=EndThisSequence""
},
{
""reason"":""SequenceComplexity=5"",
""intervention"":""SequenceComplexity=4"",
""counterfactual"":""decision_RepeatOrEnd=EndThisSequence""
}
]
```",False
24.835094124020543,6,False,0.16666666666666666,0.0,1.0,30,True,deepseek-r1:32b,"To determine why the decision was `decision_DecideSocialAction=GiveSequenceHint` instead of `decision_DecideSocialAction=RepeatSequenceSocial` at tick 1 and time 27, we need to analyze the relevant variables that influence this decision. Below is a dictionary-formatted answer with reasons, interventions, and counterfactuals:

```json
[
    {
        ""reason"": ""UserFrustration=0.8"",
        ""intervention"": ""UserFrustration<=0.7"",
        ""counterfactual"": ""decision_DecideSocialAction=RepeatSequenceSocial""
    },
    {
        ""reason"": ""SequenceComplexity=3"",
        ""intervention"": ""SequenceComplexity=2"",
        ""counterfactual"": ""decision_DecideSocialAction=RepeatSequenceSocial""
    },
    {
        ""reason"": ""AttemptedReengageUser=False"",
        ""intervention"": ""AttemptedReengageUser=True"",
        ""counterfactual"": ""decision_DecideSocialAction=RepeatSequenceSocial""
    },
    {
        ""reason"": ""UserEngagement=35500000000000004"",
        ""intervention"": ""UserEngagement>=0.4"",
        ""counterfactual"": ""decision_DecideSocialAction=RepeatSequenceSocial""
    },
    {
        ""reason"": ""UserAttention=0"",
        ""intervention"": ""UserAttention>=0.3"",
        ""counterfactual"": ""decision_DecideSocialAction=RepeatSequenceSocial""
    },
    {
        ""reason"": ""UserConfusion=0.2899999999999999"",
        ""intervention"": ""UserConfusion<=0.2"",
        ""counterfactual"": ""decision_DecideSocialAction=RepeatSequenceSocial""
    }
]
```

### Explanation:
1. **UserFrustration**: The user's frustration level was high (`0.8`), which likely prompted the system to provide a hint instead of repeating the sequence.
2. **SequenceComplexity**: The complexity of the sequence was `3`, which might have made it difficult for the user to follow without additional support.
3. **AttemptedReengageUser**: This variable was set to `False`, indicating that no prior attempt had been made to re-engage the user, making a hint a more appropriate next step.
4. **UserEngagement**: The user engagement value was very high (`35500000000000004`), which might have influenced the decision to provide a hint rather than repeating the sequence.
5. **UserAttention**: The user's attention level was `0`, suggesting they were not focused, making a hint more effective in re-engaging them.
6. **UserConfusion**: The user confusion level was `0.2899999999999999`, which is relatively high, further supporting the decision to provide a hint.

Each of these factors contributed to the system's decision to give a sequence hint instead of repeating the social action at tick 1 and time 27.",False
22.615135588974226,4,False,0.25,0.0,1.0,32,True,deepseek-r1:32b,"To determine why `decision_DecideSocialAction=GiveSequenceHint` was chosen instead of `decision_DecideSocialAction=RepeatSequenceSocial` at tick 1 and time 27, we need to identify the factors that influenced this decision. Below is a possible explanation in dictionary format:

```json
[
    {
        ""reason"": ""UserConfusion=0.6"",
        ""intervention"": ""UserConfusion<=0.5"",
        ""counterfactual"": ""decision_DecideSocialAction=RepeatSequenceSocial""
    },
    {
        ""reason"": ""UserEngagement=0.3"",
        ""intervention"": ""UserEngagement>=0.4"",
        ""counterfactual"": ""decision_DecideSocialAction=RepeatSequenceSocial""
    },
    {
        ""reason"": ""UserAttention=0.2"",
        ""intervention"": ""UserAttention>=0.3"",
        ""counterfactual"": ""decision_DecideSocialAction=RepeatSequenceSocial""
    },
    {
        ""reason"": ""SequenceComplexity=4"",
        ""intervention"": ""SequenceComplexity<=3"",
        ""counterfactual"": ""decision_DecideSocialAction=RepeatSequenceSocial""
    }
]
```

### Explanation:
1. **UserConfusion**: The user's confusion level was above a certain threshold (e.g., 0.5), which prompted the system to provide a hint instead of repeating the sequence.
2. **UserEngagement**: The user's engagement level was low, suggesting that repeating the sequence might not be effective at this time.
3. **UserAttention**: The user's attention level was also low, further supporting the decision to provide a hint rather than repeat the sequence.
4. **SequenceComplexity**: The complexity of the sequence was high enough that providing a hint was deemed more helpful than simply repeating it.

By adjusting these factors (e.g., lowering confusion or increasing engagement and attention), the system could have made the alternative decision to `RepeatSequenceSocial`.",False
32.43097238399787,6,False,0.5,0.0,1.0,43,True,deepseek-r1:32b,"The decision to RepeatThisSequence at tick 1 and time 26 was influenced by several factors, each contributing to the conclusion that continuing the sequence was appropriate. Here's a structured breakdown of these reasons:

```json
[
    {
        ""reason"": ""UserFrustration=0.2"",
        ""intervention"": ""UserFrustration>=0.3"",
        ""counterfactual"": ""decision_RepeatOrEnd=EndThisSequence""
    },
    {
        ""reason"": ""SequenceComplexity=3"",
        ""intervention"": ""SequenceComplexity=2"",
        ""counterfactual"": ""decision_RepeatOrEnd=EndThisSequence""
    },
    {
        ""reason"": ""AttemptedReengageUser=False"",
        ""intervention"": ""AttemptedReengageUser=True"",
        ""counterfactual"": ""decision_RepeatOrEnd=EndThisSequence""
    },
    {
        ""reason"": ""UserEngagement=0.65"",
        ""intervention"": ""UserEngagement>=0.5"",
        ""counterfactual"": ""decision_RepeatOrEnd=EndThisSequence""
    },
    {
        ""reason"": ""UserAttention=1.0"",
        ""intervention"": ""UserAttention<=0.7"",
        ""counterfactual"": ""decision_RepeatOrEnd=EndThisSequence""
    },
    {
        ""reason"": ""UserConfusion=0.2"",
        ""intervention"": ""UserConfusion>=0.3"",
        ""counterfactual"": ""decision_RepeatOrEnd=EndThisSequence""
    }
]
```

**Explanation:**

1. **UserFrustration**: At 0.2, frustration is low. If it were higher (e.g., >=0.3), the sequence might end.
2. **SequenceComplexity**: A complexity of 3 suggests a challenging sequence. Lowering this to 2 might lead to ending.
3. **AttemptedReengageUser**: Not attempted yet; if successful, it could prompt an end.
4. **UserEngagement**: High at 0.65. If lower (e.g., below 0.5), the sequence might conclude.
5. **UserAttention**: Full attention supports continuation. Lowering to <=0.7 could lead to ending.
6. **UserConfusion**: Low confusion indicates understanding. Higher levels (>=0.3) might prompt an end.

Each factor, if altered as per the intervention, would tip the decision towards ending the sequence instead of repeating it.",False
16.15456404699944,5,False,0.8,0.0,1.0,4,True,deepseek-r1:32b,"The decision to RepeatThisSequence at tick 1 and time 26 was influenced by several factors that indicated a need for continued guidance. The user's frustration level (UserFrustration=0.8) suggested they were not yet ready to end the sequence, and with low engagement (UserEngagement=0.28), repeating helped maintain their interest. Additionally, the high complexity of the sequence (SequenceComplexity=5) and its length (SequenceLength=10) made repetition beneficial for better retention. The user's memory score (UserMemory=0.3) also pointed towards a need for reinforcement rather than moving on. These factors collectively led to the decision to repeat the sequence.

Answer: [
{
""reason"":""UserFrustration=0.8"",
""intervention"":""UserFrustration<=0.7"",
""counterfactual"":""decision_RepeatOrEnd=EndThisSequence""
},
{
""reason"":""SequenceComplexity=5"",
""intervention"":""SequenceComplexity=3"",
""counterfactual"":""decision_RepeatOrEnd=EndThisSequence""
},
{
""reason"":""UserEngagement=0.28"",
""intervention"":""UserEngagement>=0.4"",
""counterfactual"":""decision_RepeatOrEnd=EndThisSequence""
},
{
""reason"":""SequenceLength=10"",
""intervention"":""SequenceLength=5"",
""counterfactual"":""decision_RepeatOrEnd=EndThisSequence""
},
{
""reason"":""UserMemory=0.3"",
""intervention"":""UserMemory>=0.6"",
""counterfactual"":""decision_RepeatOrEnd=EndThisSequence""
}
]",False
26.45723523799097,5,False,0.6,0.0,1.0,37,True,deepseek-r1:32b,"The decision to end the sequence instead of repeating it at tick 1 and time 26 was influenced by several factors, each contributing to the system's choice. Here is a structured explanation of these factors, along with potential interventions that could alter the decision:

[
    {
        ""reason"": ""UserFrustration=0.8"",
        ""intervention"": ""Decrease UserFrustration to <=0.7"",
        ""counterfactual"": ""The system would have decided to RepeatThisSequence.""
    },
    {
        ""reason"": ""SequenceComplexity=3"",
        ""intervention"": ""Reduce SequenceComplexity to 2"",
        ""counterfactual"": ""The system would have decided to RepeatThisSequence.""
    },
    {
        ""reason"": ""AttemptedReengageUser=False"",
        ""intervention"": ""Set AttemptedReengageUser=True"",
        ""counterfactual"": ""The system would have decided to RepeatThisSequence.""
    },
    {
        ""reason"": ""BaseUserResponseTime=5.34"",
        ""intervention"": ""Decrease BaseUserResponseTime to 2.8"",
        ""counterfactual"": ""The system would have decided to RepeatThisSequence.""
    },
    {
        ""reason"": ""ObservedUserResponseTime=5.34"",
        ""intervention"": ""Decrease ObservedUserResponseTime to 2.8"",
        ""counterfactual"": ""The system would have decided to RepeatThisSequence.""
    }
]

Each of these factors played a role in the decision-making process. By addressing each factor through the suggested interventions, the outcome could potentially be altered, leading the system to choose to repeat the sequence instead.",False
22.931770396011416,6,False,0.8333333333333334,0.0,1.0,16,True,deepseek-r1:32b,"The decision to RepeatThisSequence at tick 1 and time 26 was influenced by several factors. Each reason explains a contributing factor, along with an intervention that could have led to ending the sequence instead.

```json
[
    {
        ""reason"": ""UserConfusion=0.8"",
        ""intervention"": ""UserConfusion<=0.7"",
        ""counterfactual"": ""decision_RepeatOrEnd=EndThisSequence""
    },
    {
        ""reason"": ""UserFrustration=0.8"",
        ""intervention"": ""UserFrustration>=0.9"",
        ""counterfactual"": ""decision_RepeatOrEnd=EndThisSequence""
    },
    {
        ""reason"": ""UserMemory=0.8"",
        ""intervention"": ""UserMemory>=1.0"",
        ""counterfactual"": ""decision_RepeatOrEnd=EndThisSequence""
    },
    {
        ""reason"": ""SequenceComplexity=3"",
        ""intervention"": ""SequenceComplexity<=2"",
        ""counterfactual"": ""decision_RepeatOrEnd=EndThisSequence""
    },
    {
        ""reason"": ""UserEngagement=35500000000000004"",
        ""intervention"": ""UserEngagement<=0.4"",
        ""counterfactual"": ""decision_RepeatOrEnd=EndThisSequence""
    },
    {
        ""reason"": ""UserAttention=0"",
        ""intervention"": ""UserAttention>=0.3"",
        ""counterfactual"": ""decision_RepeatOrEnd=EndThisSequence""
    }
]
```",False
12.171462280035485,4,False,0.5,0.0,1.0,25,True,deepseek-r1:32b,"Answer: [
{
""reason"":""UserFrustration=0.8"",
""intervention"":""UserFrustration<=0.7"",
""counterfactual"":""decision_RepeatOrEnd=EndThisSequence""
},
{
""reason"":""AttemptedReengageUser=False"",
""intervention"":""AttemptedReengageUser=True"",
""counterfactual"":""decision_RepeatOrEnd=EndThisSequence""
},
{
""reason"":""SequenceComplexity=3"",
""intervention"":""SequenceComplexity<=2"",
""counterfactual"":""decision_RepeatOrEnd=EndThisSequence""
},
{
""reason"":""UserEngagement=0.355"",
""intervention"":""UserEngagement>=0.4"",
""counterfactual"":""decision_RepeatOrEnd=EndThisSequence""
}
]",False
18.169740432989784,4,False,0.5,0.0,0.75,11,True,deepseek-r1:32b,"The decision to RepeatThisSequence at tick 1 and time 26 was influenced by several factors. The system evaluated metrics such as user engagement, which indicated sufficient interest to continue; low UserFrustration levels, suggesting the user wasn't overwhelmed; SequenceComplexity, which was manageable for repetition; and the first attempt status, prompting another opportunity for better understanding. These evaluations led to the decision to repeat the sequence rather than ending it.

```json
[
  {
    ""reason"": ""UserEngagement=0.6"",
    ""intervention"": ""UserEngagement>=0.5"",
    ""counterfactual"": ""decision_RepeatOrEnd=EndThisSequence""
  },
  {
    ""reason"": ""UserFrustration=0.6"",
    ""intervention"": ""UserFrustration<=0.5"",
    ""counterfactual"": ""decision_RepeatOrEnd=EndThisSequence""
  },
  {
    ""reason"": ""AttemptNumber=1"",
    ""intervention"": ""AttemptNumber>1"",
    ""counterfactual"": ""decision_RepeatOrEnd=EndThisSequence""
  },
  {
    ""reason"": ""SequenceComplexity=2"",
    ""intervention"": ""SequenceComplexity=3"",
    ""counterfactual"": ""decision_RepeatOrEnd=EndThisSequence""
  }
]
```",False
7.224050103046466,1,False,1.0,0.0,1.0,6,True,deepseek-r1:32b,"Answer: [
{
""reason"":""UserFrustration=0.8"",
""intervention"":""UserFrustration<=0.7"",
""counterfactual"":""decision_RepeatOrEnd=EndThisSequence""
}
]",False
14.233598408987746,3,False,1.0,0.0,1.0,44,True,deepseek-r1:32b,"Answer: [
{
""reason"":""UserEngagement=0.2"",
""intervention"":""UserEngagement>=0.3"",
""counterfactual"":""decision_RepeatOrEnd=RepeatThisSequence""
},
{
""reason"":""UserAttention=0.1"",
""intervention"":""UserAttention>=0.2"",
""counterfactual"":""decision_RepeatOrEnd=RepeatThisSequence""
},
{
""reason"":""SequenceComplexity=4"",
""intervention"":""SequenceComplexity<=3"",
""counterfactual"":""decision_RepeatOrEnd=RepeatThisSequence""
}
]",False
44.04796515899943,4,False,0.75,0.0,1.0,24,True,deepseek-r1:32b,"The decision to RepeatThisSequence at tick 1 and time 26 was influenced by several factors. Here are the reasons, along with potential interventions that would have altered the decision:

```json
[
    {
        ""reason"": ""UserFrustration=0.6"",
        ""intervention"": ""UserFrustration>=0.7"",
        ""counterfactual"": ""decision_RepeatOrEnd=EndThisSequence""
    },
    {
        ""reason"": ""UserMemory=0.5"",
        ""intervention"": ""UserMemory>=0.6"",
        ""counterfactual"": ""decision_RepeatOrEnd=EndThisSequence""
    },
    {
        ""reason"": ""SequenceComplexity=4"",
        ""intervention"": ""SequenceComplexity=3"",
        ""counterfactual"": ""decision_RepeatOrEnd=EndThisSequence""
    },
    {
        ""reason"": ""AttemptedReengageUser=False"",
        ""intervention"": ""AttemptedReengageUser=True"",
        ""counterfactual"": ""decision_RepeatOrEnd=EndThisSequence""
    }
]
```

Each reason reflects a specific state at the given tick and time that contributed to the decision, along with how changing that factor could have led to ending the sequence instead.",False
21.89577827602625,6,False,0.8333333333333334,0.0,1.0,26,True,deepseek-r1:32b,"The decision to end the sequence instead of repeating was influenced by several key factors:

1. **User Frustration**: High frustration (0.8) suggested not repeating to avoid further aggravation.
2. **Memory**: Good memory (0.8) meant repetition wasn't necessary for retention.
3. **Sequence Complexity**: The sequence being complex (3) made ending preferable over complicating it further.
4. **Engagement**: High engagement indicated the user was already focused, making repetition redundant.
5. **Attention**: Low attention (0) suggested the user wasn't engaged enough to benefit from a repeat.
6. **Confusion**: High confusion levels meant repeating could add more bewilderment.

Each factor played a role in determining that ending the sequence was the better choice at that moment.

Answer: [
{
""reason"":""UserFrustration=0.8"",
""intervention"":""UserFrustration<=0.7"",
""counterfactual"":""decision_RepeatOrEnd=RepeatThisSequence""
},
{
""reason"":""UserMemory=0.8"",
""intervention"":""UserMemory=1.0"",
""counterfactual"":""decision_RepeatOrEnd=RepeatThisSequence""
},
{
""reason"":""SequenceComplexity=3"",
""intervention"":""SequenceComplexity=2"",
""counterfactual"":""decision_RepeatOrEnd=RepeatThisSequence""
},
{
""reason"":""UserEngagement=35500000000000004"",
""intervention"":""UserEngagement>=0.4"",
""counterfactual"":""decision_RepeatOrEnd=RepeatThisSequence""
},
{
""reason"":""UserAttention=0"",
""intervention"":""UserAttention>=0.3"",
""counterfactual"":""decision_RepeatOrEnd=RepeatThisSequence""
},
{
""reason"":""UserConfusion=0.2899999999999999"",
""intervention"":""UserConfusion<=0.2"",
""counterfactual"":""decision_RepeatOrEnd=RepeatThisSequence""
}
]",False
12.904138466983568,4,False,0.5,0.0,0.75,22,True,deepseek-r1:32b,"Answer: [
    {
        ""reason"":""UserFrustration=0.8"",
        ""intervention"":""UserFrustration<=0.7"",
        ""counterfactual"":""decision_RepeatOrEnd=RepeatThisSequence""
    },
    {
        ""reason"":""SequenceComplexity=5"",
        ""intervention"":""SequenceComplexity=3"",
        ""counterfactual"":""decision_RepeatOrEnd=RepeatThisSequence""
    },
    {
        ""reason"":""UserEngagement=0.2"",
        ""intervention"":""UserEngagement>=0.4"",
        ""counterfactual"":""decision_RepeatOrEnd=RepeatThisSequence""
    },
    {
        ""reason"":""TimeSinceLastInteraction=10"",
        ""intervention"":""TimeSinceLastInteraction<=5"",
        ""counterfactual"":""decision_RepeatOrEnd=RepeatThisSequence""
    }
]",False
32.619134015985765,3,False,0.0,0.0,0.3333333333333333,19,True,deepseek-r1:32b,"The decision at tick 1 and time 26 was RepeatThisSequence instead of EndThisSequence due to several contributing factors. Each factor is outlined below with the relevant metric, a suggested intervention to alter the outcome, and the counterfactual decision if that intervention had been applied.

```json
[
    {
        ""reason"": ""ExceptionOccurred=True"",
        ""intervention"": ""ExceptionOccurred=False"",
        ""counterfactual"": ""decision_RepeatOrEnd=EndThisSequence""
    },
    {
        ""reason"": ""SequenceCompletion=0.3"",
        ""intervention"": ""SequenceCompletion>=0.7"",
        ""counterfactual"": ""decision_RepeatOrEnd=EndThisSequence""
    },
    {
        ""reason"": ""UserEngagement=0.4"",
        ""intervention"": ""UserEngagement>=0.6"",
        ""counterfactual"": ""decision_RepeatOrEnd=EndThisSequence""
    }
]
```

### Explanation:

1. **ExceptionOccurred=True**:
   - An exception during sequence execution prompted a repeat to address the issue, ensuring completion.
   - If no exception had occurred (intervention: ExceptionOccurred=False), the system might have ended the sequence.

2. **SequenceCompletion=0.3**:
   - Low completion indicated that not all tasks were finished, necessitating another attempt.
   - Higher completion (e.g., >=0.7) could lead to ending the sequence without repetition.

3. **UserEngagement=0.4**:
   - Lower engagement suggested a need for further interaction to maintain user interest.
   - Higher engagement (e.g., >=0.6) might have led to ending the sequence, as user attention was sufficient.

These factors collectively influenced the decision to repeat rather than end the sequence at the specified tick and time.",False
