seed,num_vars,cm_connectivity,num_leaves,change,found,depth,num_explanations,msg
6,12,1.0,2,T6,False,0,0,NoDiff
6,12,1.0,2,T2,False,0,0,NoDiff
6,12,1.0,2,T4,False,0,0,NoDiff
6,12,1.0,2,T5,False,0,0,NoDiff
6,12,1.0,2,T3,False,0,0,NoDiff
6,12,1.0,2,T1,False,0,0,NoDiff
6,12,1.0,8,T6,True,1,8,Found
6,12,1.0,8,T4,True,1,7,Found
6,12,1.0,8,T1,False,0,0,NoDiff
6,12,1.0,8,T3,True,1,8,Found
6,12,1.0,8,T5,False,0,0,NoDiff
6,12,1.0,8,T2,False,0,0,NoDiff
6,12,1.0,4,T5,True,1,3,Found
6,12,1.0,4,T3,True,1,4,Found
6,12,1.0,4,T6,False,0,0,NoDiff
6,12,1.0,4,T2,False,0,0,NoDiff
6,12,1.0,4,T1,False,0,0,NoDiff
6,12,1.0,4,T4,False,0,0,NoDiff
6,12,0.5,4,T4,False,0,0,NoDiff
6,12,0.5,4,T6,False,0,0,NoDiff
6,12,0.5,4,T5,True,1,4,Found
6,12,0.5,4,T3,True,1,2,Found
6,12,0.5,4,T1,False,0,0,NoDiff
6,12,0.5,4,T2,False,0,0,NoDiff
6,12,0.5,8,T1,False,0,0,NoDiff
6,12,0.5,8,T4,False,0,0,NoDiff
6,12,0.5,8,T6,True,1,2,Found
6,12,0.5,8,T5,True,1,4,Found
6,12,0.5,8,T2,True,1,6,Found
6,12,0.5,8,T3,False,0,0,NoDiff
6,12,0.5,2,T3,False,0,0,NoDiff
6,12,0.5,2,T5,False,0,0,NoDiff
6,12,0.5,2,T2,False,0,0,NoDiff
6,12,0.5,2,T6,False,0,0,NoDiff
6,12,0.5,2,T4,False,0,0,NoDiff
6,12,0.5,2,T1,False,0,0,NoDiff
6,12,0.0,4,T5,True,1,4,Found
6,12,0.0,4,T1,False,0,0,NoDiff
6,12,0.0,4,T4,False,0,0,NoDiff
6,12,0.0,4,T6,False,0,0,NoDiff
6,12,0.0,4,T2,False,0,0,NoDiff
6,12,0.0,4,T3,True,1,2,Found
6,12,0.0,8,T3,True,1,4,Found
6,12,0.0,8,T5,True,1,4,Found
6,12,0.0,8,T6,True,1,5,Found
6,12,0.0,8,T1,False,0,0,NoDiff
6,12,0.0,8,T4,False,0,0,NoDiff
6,12,0.0,8,T2,True,1,6,Found
6,12,0.0,2,T1,False,0,0,NoDiff
6,12,0.0,2,T4,False,0,0,NoDiff
6,12,0.0,2,T3,False,0,0,NoDiff
6,12,0.0,2,T2,False,0,0,NoDiff
6,12,0.0,2,T5,False,0,0,NoDiff
6,12,0.0,2,T6,False,0,0,NoDiff
6,12,0.75,4,T6,False,0,0,NoDiff
6,12,0.75,4,T2,False,0,0,NoDiff
6,12,0.75,4,T1,False,0,0,NoDiff
6,12,0.75,4,T4,False,0,0,NoDiff
6,12,0.75,4,T3,True,1,4,Found
6,12,0.75,4,T5,True,1,3,Found
6,12,0.75,2,T2,False,0,0,NoDiff
6,12,0.75,2,T5,False,0,0,NoDiff
6,12,0.75,2,T1,False,0,0,NoDiff
6,12,0.75,2,T4,False,0,0,NoDiff
6,12,0.75,2,T3,False,0,0,NoDiff
6,12,0.75,2,T6,False,0,0,NoDiff
6,12,0.75,8,T5,True,1,3,Found
6,12,0.75,8,T4,False,0,0,NoDiff
6,12,0.75,8,T6,False,0,0,NoDiff
6,12,0.75,8,T1,False,0,0,NoDiff
6,12,0.75,8,T3,True,1,5,Found
6,12,0.75,8,T2,True,1,4,Found
6,12,0.25,4,T4,False,0,0,NoDiff
6,12,0.25,4,T6,False,0,0,NoDiff
6,12,0.25,4,T1,False,0,0,NoDiff
6,12,0.25,4,T5,True,1,4,Found
6,12,0.25,4,T3,True,1,3,Found
6,12,0.25,4,T2,False,0,0,NoDiff
6,12,0.25,8,T4,True,1,7,Found
6,12,0.25,8,T2,True,1,7,Found
6,12,0.25,8,T1,True,1,6,Found
6,12,0.25,8,T3,False,0,0,NoDiff
6,12,0.25,8,T5,False,0,0,NoDiff
6,12,0.25,8,T6,True,1,7,Found
6,12,0.25,2,T4,False,0,0,NoDiff
6,12,0.25,2,T3,False,0,0,NoDiff
6,12,0.25,2,T5,False,0,0,NoDiff
6,12,0.25,2,T6,False,0,0,NoDiff
6,12,0.25,2,T1,False,0,0,NoDiff
6,12,0.25,2,T2,False,0,0,NoDiff
6,4,1.0,4,T1,False,0,0,NoDiff
6,4,1.0,4,T2,True,1,1,Found
6,4,1.0,8,T2,True,1,2,Found
6,4,1.0,8,T1,True,1,2,Found
6,4,1.0,2,T2,False,0,0,NoDiff
6,4,1.0,2,T1,False,0,0,NoDiff
6,4,0.0,4,T1,False,0,0,NoDiff
6,4,0.0,4,T2,True,1,1,Found
6,4,0.0,8,T2,False,0,0,NoDiff
6,4,0.0,8,T1,False,0,0,NoDiff
6,4,0.0,2,T1,False,0,0,NoDiff
6,4,0.0,2,T2,False,0,0,NoDiff
6,4,0.25,2,T2,False,0,0,NoDiff
6,4,0.25,2,T1,False,0,0,NoDiff
6,4,0.25,8,T2,False,0,0,NoDiff
6,4,0.25,8,T1,True,1,2,Found
6,4,0.25,4,T2,True,1,1,Found
6,4,0.25,4,T1,True,1,2,Found
6,4,0.5,8,T2,False,0,0,NoDiff
6,4,0.5,8,T1,True,1,3,Found
6,4,0.5,2,T2,False,0,0,NoDiff
6,4,0.5,2,T1,False,0,0,NoDiff
6,4,0.5,4,T2,True,1,1,Found
6,4,0.5,4,T1,True,1,2,Found
6,4,0.75,8,T1,True,1,3,Found
6,4,0.75,8,T2,False,0,0,NoDiff
6,4,0.75,2,T2,False,0,0,NoDiff
6,4,0.75,2,T1,False,0,0,NoDiff
6,4,0.75,4,T1,True,1,2,Found
6,4,0.75,4,T2,True,1,1,Found
6,8,0.75,8,T4,False,0,0,NoDiff
6,8,0.75,8,T3,False,0,0,NoDiff
6,8,0.75,8,T2,False,0,0,NoDiff
6,8,0.75,8,T1,False,0,0,NoDiff
6,8,0.75,2,T1,False,0,0,NoDiff
6,8,0.75,2,T4,True,1,5,Found
6,8,0.75,2,T3,False,0,0,NoDiff
6,8,0.75,2,T2,False,0,0,NoDiff
6,8,0.75,4,T3,False,0,0,NoDiff
6,8,0.75,4,T4,True,1,3,Found
6,8,0.75,4,T2,False,0,0,NoDiff
6,8,0.75,4,T1,True,1,3,Found
6,8,1.0,8,T3,False,0,0,NoDiff
6,8,1.0,8,T1,False,0,0,NoDiff
6,8,1.0,8,T4,False,0,0,NoDiff
6,8,1.0,8,T2,False,0,0,NoDiff
6,8,1.0,2,T1,False,0,0,NoDiff
6,8,1.0,2,T2,False,0,0,NoDiff
6,8,1.0,2,T4,True,1,4,Found
6,8,1.0,2,T3,False,0,0,NoDiff
6,8,1.0,4,T2,False,0,0,NoDiff
6,8,1.0,4,T1,True,1,3,Found
6,8,1.0,4,T4,True,1,3,Found
6,8,1.0,4,T3,False,0,0,NoDiff
6,8,0.25,4,T2,True,1,2,Found
6,8,0.25,4,T1,False,0,0,NoDiff
6,8,0.25,4,T3,True,1,4,Found
6,8,0.25,4,T4,True,1,2,Found
6,8,0.25,8,T4,False,0,0,NoDiff
6,8,0.25,8,T2,False,0,0,NoDiff
6,8,0.25,8,T3,False,0,0,NoDiff
6,8,0.25,8,T1,False,0,0,NoDiff
6,8,0.25,2,T2,False,0,0,NoDiff
6,8,0.25,2,T3,True,1,3,Found
6,8,0.25,2,T4,True,1,2,Found
6,8,0.25,2,T1,True,1,2,Found
6,8,0.5,8,T2,False,0,0,NoDiff
6,8,0.5,8,T3,False,0,0,NoDiff
6,8,0.5,8,T4,False,0,0,NoDiff
6,8,0.5,8,T1,False,0,0,NoDiff
6,8,0.5,2,T1,True,1,2,Found
6,8,0.5,2,T2,False,0,0,NoDiff
6,8,0.5,2,T3,True,1,2,Found
6,8,0.5,2,T4,True,1,2,Found
6,8,0.5,4,T4,True,1,2,Found
6,8,0.5,4,T3,False,0,0,NoDiff
6,8,0.5,4,T1,False,0,0,NoDiff
6,8,0.5,4,T2,True,1,2,Found
6,8,0.0,2,T2,False,0,0,NoDiff
6,8,0.0,2,T1,True,1,2,Found
6,8,0.0,2,T4,True,1,2,Found
6,8,0.0,2,T3,True,1,2,Found
6,8,0.0,4,T3,False,0,0,NoDiff
6,8,0.0,4,T1,True,1,3,Found
6,8,0.0,4,T2,False,0,0,NoDiff
6,8,0.0,4,T4,False,0,0,NoDiff
6,8,0.0,8,T2,False,0,0,NoDiff
6,8,0.0,8,T3,False,0,0,NoDiff
6,8,0.0,8,T1,False,0,0,NoDiff
6,8,0.0,8,T4,False,0,0,NoDiff
4,12,0.75,8,T4,False,0,0,NoDiff
4,12,0.75,8,T2,True,1,5,Found
4,12,0.75,8,T1,True,1,7,Found
4,12,0.75,8,T5,False,0,0,NoDiff
4,12,0.75,8,T6,True,1,6,Found
4,12,0.75,8,T3,True,1,7,Found
4,12,0.75,4,T5,False,0,0,NoDiff
4,12,0.75,4,T2,False,0,0,NoDiff
4,12,0.75,4,T6,True,1,5,Found
4,12,0.75,4,T1,True,1,6,Found
4,12,0.75,4,T4,False,0,0,NoDiff
4,12,0.75,4,T3,False,0,0,NoDiff
4,12,0.75,2,T5,False,0,0,NoDiff
4,12,0.75,2,T1,False,0,0,NoDiff
4,12,0.75,2,T2,False,0,0,NoDiff
4,12,0.75,2,T4,False,0,0,NoDiff
4,12,0.75,2,T6,False,0,0,NoDiff
4,12,0.75,2,T3,False,0,0,NoDiff
4,12,0.25,2,T2,False,0,0,NoDiff
4,12,0.25,2,T5,False,0,0,NoDiff
4,12,0.25,2,T6,False,0,0,NoDiff
4,12,0.25,2,T4,False,0,0,NoDiff
4,12,0.25,2,T3,False,0,0,NoDiff
4,12,0.25,2,T1,False,0,0,NoDiff
4,12,0.25,4,T2,True,1,4,Found
4,12,0.25,4,T5,True,1,5,Found
4,12,0.25,4,T1,True,1,3,Found
4,12,0.25,4,T4,True,1,9,Found
4,12,0.25,4,T6,True,1,4,Found
4,12,0.25,4,T3,False,0,0,NoDiff
4,12,0.25,8,T2,False,0,0,NoDiff
4,12,0.25,8,T3,False,0,0,NoDiff
4,12,0.25,8,T6,False,0,0,NoDiff
4,12,0.25,8,T5,False,0,0,NoDiff
4,12,0.25,8,T1,False,0,0,NoDiff
4,12,0.25,8,T4,False,0,0,NoDiff
4,12,0.0,8,T3,False,0,0,NoDiff
4,12,0.0,8,T1,False,0,0,NoDiff
4,12,0.0,8,T6,False,0,0,NoDiff
4,12,0.0,8,T5,False,0,0,NoDiff
4,12,0.0,8,T2,False,0,0,NoDiff
4,12,0.0,8,T4,False,0,0,NoDiff
4,12,0.0,4,T4,True,1,3,Found
4,12,0.0,4,T1,True,1,3,Found
4,12,0.0,4,T5,True,1,5,Found
4,12,0.0,4,T6,True,1,4,Found
4,12,0.0,4,T2,True,1,4,Found
4,12,0.0,4,T3,False,0,0,NoDiff
4,12,0.0,2,T2,False,0,0,NoDiff
4,12,0.0,2,T3,False,0,0,NoDiff
4,12,0.0,2,T4,False,0,0,NoDiff
4,12,0.0,2,T5,False,0,0,NoDiff
4,12,0.0,2,T6,False,0,0,NoDiff
4,12,0.0,2,T1,False,0,0,NoDiff
4,12,1.0,4,T1,True,1,5,Found
4,12,1.0,4,T6,True,1,6,Found
4,12,1.0,4,T3,False,0,0,NoDiff
4,12,1.0,4,T2,False,0,0,NoDiff
4,12,1.0,4,T4,False,0,0,NoDiff
4,12,1.0,4,T5,False,0,0,NoDiff
4,12,1.0,8,T1,False,0,0,NoDiff
4,12,1.0,8,T6,True,1,4,Found
4,12,1.0,8,T3,False,0,0,NoDiff
4,12,1.0,8,T4,True,1,4,Found
4,12,1.0,8,T2,True,1,3,Found
4,12,1.0,8,T5,False,0,0,NoDiff
4,12,1.0,2,T1,False,0,0,NoDiff
4,12,1.0,2,T3,False,0,0,NoDiff
4,12,1.0,2,T5,False,0,0,NoDiff
4,12,1.0,2,T6,False,0,0,NoDiff
4,12,1.0,2,T4,False,0,0,NoDiff
4,12,1.0,2,T2,False,0,0,NoDiff
4,12,0.5,4,T3,False,0,0,NoDiff
4,12,0.5,4,T4,True,1,3,Found
4,12,0.5,4,T2,True,1,4,Found
4,12,0.5,4,T1,True,1,6,Found
4,12,0.5,4,T5,True,1,2,Found
4,12,0.5,4,T6,True,1,4,Found
4,12,0.5,2,T6,False,0,0,NoDiff
4,12,0.5,2,T4,False,0,0,NoDiff
4,12,0.5,2,T1,False,0,0,NoDiff
4,12,0.5,2,T3,False,0,0,NoDiff
4,12,0.5,2,T5,False,0,0,NoDiff
4,12,0.5,2,T2,False,0,0,NoDiff
4,12,0.5,8,T6,False,0,0,NoDiff
4,12,0.5,8,T1,True,1,3,Found
4,12,0.5,8,T3,False,0,0,NoDiff
4,12,0.5,8,T4,True,1,3,Found
4,12,0.5,8,T2,False,0,0,NoDiff
4,12,0.5,8,T5,False,0,0,NoDiff
4,4,0.0,4,T2,False,0,0,NoDiff
4,4,0.0,4,T1,False,0,0,NoDiff
4,4,0.0,2,T1,False,0,0,NoDiff
4,4,0.0,2,T2,False,0,0,NoDiff
4,4,0.0,8,T1,True,1,1,Found
4,4,0.0,8,T2,True,1,3,Found
4,4,0.25,2,T2,False,0,0,NoDiff
4,4,0.25,2,T1,False,0,0,NoDiff
4,4,0.25,8,T2,True,1,2,Found
4,4,0.25,8,T1,True,1,1,Found
4,4,0.25,4,T2,False,0,0,NoDiff
4,4,0.25,4,T1,False,0,0,NoDiff
4,4,0.5,4,T2,False,0,0,NoDiff
4,4,0.5,4,T1,False,0,0,NoDiff
4,4,0.5,2,T1,False,0,0,NoDiff
4,4,0.5,2,T2,False,0,0,NoDiff
4,4,0.5,8,T1,True,1,1,Found
4,4,0.5,8,T2,True,1,3,Found
4,4,1.0,2,T2,False,0,0,NoDiff
4,4,1.0,2,T1,False,0,0,NoDiff
4,4,1.0,4,T1,False,0,0,NoDiff
4,4,1.0,4,T2,False,0,0,NoDiff
4,4,1.0,8,T2,True,1,2,Found
4,4,1.0,8,T1,True,1,1,Found
4,4,0.75,4,T1,False,0,0,NoDiff
4,4,0.75,4,T2,False,0,0,NoDiff
4,4,0.75,8,T2,True,1,3,Found
4,4,0.75,8,T1,True,1,1,Found
4,4,0.75,2,T1,False,0,0,NoDiff
4,4,0.75,2,T2,False,0,0,NoDiff
4,8,1.0,4,T2,True,1,4,Found
4,8,1.0,4,T1,False,0,0,NoDiff
4,8,1.0,4,T4,True,1,3,Found
4,8,1.0,4,T3,True,1,4,Found
4,8,1.0,2,T4,False,0,0,NoDiff
4,8,1.0,2,T3,False,0,0,NoDiff
4,8,1.0,2,T1,False,0,0,NoDiff
4,8,1.0,2,T2,False,0,0,NoDiff
4,8,1.0,8,T1,False,0,0,NoDiff
4,8,1.0,8,T2,True,1,3,Found
4,8,1.0,8,T4,False,0,0,NoDiff
4,8,1.0,8,T3,False,0,0,NoDiff
4,8,0.75,2,T1,False,0,0,NoDiff
4,8,0.75,2,T3,False,0,0,NoDiff
4,8,0.75,2,T2,False,0,0,NoDiff
4,8,0.75,2,T4,False,0,0,NoDiff
4,8,0.75,4,T3,True,1,4,Found
4,8,0.75,4,T4,True,1,2,Found
4,8,0.75,4,T1,False,0,0,NoDiff
4,8,0.75,4,T2,True,1,3,Found
4,8,0.75,8,T3,False,0,0,NoDiff
4,8,0.75,8,T2,True,1,3,Found
4,8,0.75,8,T4,False,0,0,NoDiff
4,8,0.75,8,T1,False,0,0,NoDiff
4,8,0.25,8,T3,False,0,0,NoDiff
4,8,0.25,8,T4,False,0,0,NoDiff
4,8,0.25,8,T2,True,1,3,Found
4,8,0.25,8,T1,False,0,0,NoDiff
4,8,0.25,2,T1,False,0,0,NoDiff
4,8,0.25,2,T2,False,0,0,NoDiff
4,8,0.25,2,T3,False,0,0,NoDiff
4,8,0.25,2,T4,False,0,0,NoDiff
4,8,0.25,4,T2,False,0,0,NoDiff
4,8,0.25,4,T3,False,0,0,NoDiff
4,8,0.25,4,T1,False,0,0,NoDiff
4,8,0.25,4,T4,True,1,5,Found
4,8,0.0,4,T2,False,0,0,NoDiff
4,8,0.0,4,T4,False,0,0,NoDiff
4,8,0.0,4,T3,False,0,0,NoDiff
4,8,0.0,4,T1,False,0,0,NoDiff
4,8,0.0,2,T3,False,0,0,NoDiff
4,8,0.0,2,T1,False,0,0,NoDiff
4,8,0.0,2,T2,False,0,0,NoDiff
4,8,0.0,2,T4,False,0,0,NoDiff
4,8,0.0,8,T3,False,0,0,NoDiff
4,8,0.0,8,T2,True,1,3,Found
4,8,0.0,8,T4,False,0,0,NoDiff
4,8,0.0,8,T1,False,0,0,NoDiff
4,8,0.5,2,T3,False,0,0,NoDiff
4,8,0.5,2,T1,False,0,0,NoDiff
4,8,0.5,2,T4,False,0,0,NoDiff
4,8,0.5,2,T2,False,0,0,NoDiff
4,8,0.5,8,T1,False,0,0,NoDiff
4,8,0.5,8,T2,True,1,3,Found
4,8,0.5,8,T4,False,0,0,NoDiff
4,8,0.5,8,T3,False,0,0,NoDiff
4,8,0.5,4,T3,False,0,0,NoDiff
4,8,0.5,4,T1,False,0,0,NoDiff
4,8,0.5,4,T2,False,0,0,NoDiff
4,8,0.5,4,T4,True,1,4,Found
3,12,0.5,4,T4,False,0,0,NoDiff
3,12,0.5,4,T2,True,1,3,Found
3,12,0.5,4,T3,False,0,0,NoDiff
3,12,0.5,4,T5,True,1,4,Found
3,12,0.5,4,T1,False,0,0,NoDiff
3,12,0.5,4,T6,False,0,0,NoDiff
3,12,0.5,8,T2,True,1,6,Found
3,12,0.5,8,T6,True,1,6,Found
3,12,0.5,8,T1,True,1,4,Found
3,12,0.5,8,T4,False,0,0,NoDiff
3,12,0.5,8,T5,False,0,0,NoDiff
3,12,0.5,8,T3,True,1,6,Found
3,12,0.5,2,T3,False,0,0,NoDiff
3,12,0.5,2,T2,False,0,0,NoDiff
3,12,0.5,2,T4,False,0,0,NoDiff
3,12,0.5,2,T1,False,0,0,NoDiff
3,12,0.5,2,T5,False,0,0,NoDiff
3,12,0.5,2,T6,False,0,0,NoDiff
3,12,1.0,8,T2,False,0,0,NoDiff
3,12,1.0,8,T6,True,1,7,Found
3,12,1.0,8,T1,False,0,0,NoDiff
3,12,1.0,8,T5,False,0,0,NoDiff
3,12,1.0,8,T4,True,1,6,Found
3,12,1.0,8,T3,True,1,6,Found
3,12,1.0,4,T1,False,0,0,NoDiff
3,12,1.0,4,T3,False,0,0,NoDiff
3,12,1.0,4,T6,False,0,0,NoDiff
3,12,1.0,4,T4,False,0,0,NoDiff
3,12,1.0,4,T5,False,0,0,NoDiff
3,12,1.0,4,T2,True,1,4,Found
3,12,1.0,2,T4,False,0,0,NoDiff
3,12,1.0,2,T1,False,0,0,NoDiff
3,12,1.0,2,T5,False,0,0,NoDiff
3,12,1.0,2,T3,False,0,0,NoDiff
3,12,1.0,2,T6,False,0,0,NoDiff
3,12,1.0,2,T2,False,0,0,NoDiff
3,12,0.0,8,T3,False,0,0,NoDiff
3,12,0.0,8,T5,False,0,0,NoDiff
3,12,0.0,8,T6,False,0,0,NoDiff
3,12,0.0,8,T2,True,1,6,Found
3,12,0.0,8,T4,True,1,7,Found
3,12,0.0,8,T1,False,0,0,NoDiff
3,12,0.0,4,T4,False,0,0,NoDiff
3,12,0.0,4,T1,False,0,0,NoDiff
3,12,0.0,4,T2,True,1,3,Found
3,12,0.0,4,T3,False,0,0,NoDiff
3,12,0.0,4,T6,False,0,0,NoDiff
3,12,0.0,4,T5,False,0,0,NoDiff
3,12,0.0,2,T1,False,0,0,NoDiff
3,12,0.0,2,T4,False,0,0,NoDiff
3,12,0.0,2,T2,False,0,0,NoDiff
3,12,0.0,2,T6,False,0,0,NoDiff
3,12,0.0,2,T3,False,0,0,NoDiff
3,12,0.0,2,T5,False,0,0,NoDiff
3,12,0.75,2,T6,False,0,0,NoDiff
3,12,0.75,2,T3,False,0,0,NoDiff
3,12,0.75,2,T4,False,0,0,NoDiff
3,12,0.75,2,T1,False,0,0,NoDiff
3,12,0.75,2,T2,False,0,0,NoDiff
3,12,0.75,2,T5,False,0,0,NoDiff
3,12,0.75,4,T4,False,0,0,NoDiff
3,12,0.75,4,T5,True,1,4,Found
3,12,0.75,4,T1,False,0,0,NoDiff
3,12,0.75,4,T3,False,0,0,NoDiff
3,12,0.75,4,T2,True,1,4,Found
3,12,0.75,4,T6,False,0,0,NoDiff
3,12,0.75,8,T4,False,0,0,NoDiff
3,12,0.75,8,T3,True,1,8,Found
3,12,0.75,8,T5,False,0,0,NoDiff
3,12,0.75,8,T1,True,1,5,Found
3,12,0.75,8,T2,True,1,5,Found
3,12,0.75,8,T6,True,1,6,Found
3,12,0.25,4,T1,False,0,0,NoDiff
3,12,0.25,4,T2,False,0,0,NoDiff
3,12,0.25,4,T3,False,0,0,NoDiff
3,12,0.25,4,T6,False,0,0,NoDiff
3,12,0.25,4,T4,False,0,0,NoDiff
3,12,0.25,4,T5,True,1,6,Found
3,12,0.25,2,T2,False,0,0,NoDiff
3,12,0.25,2,T4,False,0,0,NoDiff
3,12,0.25,2,T5,False,0,0,NoDiff
3,12,0.25,2,T6,False,0,0,NoDiff
3,12,0.25,2,T1,False,0,0,NoDiff
3,12,0.25,2,T3,False,0,0,NoDiff
3,12,0.25,8,T2,False,0,0,NoDiff
3,12,0.25,8,T3,True,1,5,Found
3,12,0.25,8,T1,False,0,0,NoDiff
3,12,0.25,8,T5,True,1,7,Found
3,12,0.25,8,T6,False,0,0,NoDiff
3,12,0.25,8,T4,True,1,7,Found
3,8,0.25,8,T4,False,0,0,NoDiff
3,8,0.25,8,T2,False,0,0,NoDiff
3,8,0.25,8,T3,False,0,0,NoDiff
3,8,0.25,8,T1,False,0,0,NoDiff
3,8,0.25,4,T4,False,0,0,NoDiff
3,8,0.25,4,T3,True,1,4,Found
3,8,0.25,4,T1,False,0,0,NoDiff
3,8,0.25,4,T2,False,0,0,NoDiff
3,8,0.25,2,T3,False,0,0,NoDiff
3,8,0.25,2,T4,False,0,0,NoDiff
3,8,0.25,2,T2,False,0,0,NoDiff
3,8,0.25,2,T1,False,0,0,NoDiff
3,8,1.0,4,T4,False,0,0,NoDiff
3,8,1.0,4,T1,False,0,0,NoDiff
3,8,1.0,4,T3,True,1,4,Found
3,8,1.0,4,T2,False,0,0,NoDiff
3,8,1.0,2,T1,False,0,0,NoDiff
3,8,1.0,2,T2,False,0,0,NoDiff
3,8,1.0,2,T4,False,0,0,NoDiff
3,8,1.0,2,T3,False,0,0,NoDiff
3,8,1.0,8,T4,False,0,0,NoDiff
3,8,1.0,8,T2,False,0,0,NoDiff
3,8,1.0,8,T1,False,0,0,NoDiff
3,8,1.0,8,T3,False,0,0,NoDiff
3,8,0.5,4,T1,False,0,0,NoDiff
3,8,0.5,4,T4,False,0,0,NoDiff
3,8,0.5,4,T3,True,1,4,Found
3,8,0.5,4,T2,False,0,0,NoDiff
3,8,0.5,8,T2,False,0,0,NoDiff
3,8,0.5,8,T1,False,0,0,NoDiff
3,8,0.5,8,T3,False,0,0,NoDiff
3,8,0.5,8,T4,False,0,0,NoDiff
3,8,0.5,2,T3,False,0,0,NoDiff
3,8,0.5,2,T2,False,0,0,NoDiff
3,8,0.5,2,T1,False,0,0,NoDiff
3,8,0.5,2,T4,False,0,0,NoDiff
3,8,0.0,4,T4,False,0,0,NoDiff
3,8,0.0,4,T1,False,0,0,NoDiff
3,8,0.0,4,T3,True,1,4,Found
3,8,0.0,4,T2,False,0,0,NoDiff
3,8,0.0,8,T3,True,1,5,Found
3,8,0.0,8,T1,True,1,7,Found
3,8,0.0,8,T2,True,1,2,Found
3,8,0.0,8,T4,True,1,4,Found
3,8,0.0,2,T4,False,0,0,NoDiff
3,8,0.0,2,T1,False,0,0,NoDiff
3,8,0.0,2,T2,False,0,0,NoDiff
3,8,0.0,2,T3,False,0,0,NoDiff
3,8,0.75,4,T4,False,0,0,NoDiff
3,8,0.75,4,T2,False,0,0,NoDiff
3,8,0.75,4,T3,True,1,4,Found
3,8,0.75,4,T1,False,0,0,NoDiff
3,8,0.75,2,T4,False,0,0,NoDiff
3,8,0.75,2,T3,False,0,0,NoDiff
3,8,0.75,2,T1,False,0,0,NoDiff
3,8,0.75,2,T2,False,0,0,NoDiff
3,8,0.75,8,T4,False,0,0,NoDiff
3,8,0.75,8,T1,False,0,0,NoDiff
3,8,0.75,8,T3,False,0,0,NoDiff
3,8,0.75,8,T2,False,0,0,NoDiff
3,4,0.5,4,T2,False,0,0,NoDiff
3,4,0.5,4,T1,True,1,1,Found
3,4,0.5,8,T2,False,0,0,NoDiff
3,4,0.5,8,T1,False,0,0,NoDiff
3,4,0.5,2,T2,False,0,0,NoDiff
3,4,0.5,2,T1,False,0,0,NoDiff
3,4,0.75,2,T2,False,0,0,NoDiff
3,4,0.75,2,T1,False,0,0,NoDiff
3,4,0.75,8,T1,False,0,0,NoDiff
3,4,0.75,8,T2,False,0,0,NoDiff
3,4,0.75,4,T2,False,0,0,NoDiff
3,4,0.75,4,T1,True,1,1,Found
3,4,0.0,2,T2,False,0,0,NoDiff
3,4,0.0,2,T1,False,0,0,NoDiff
3,4,0.0,4,T2,False,0,0,NoDiff
3,4,0.0,4,T1,True,1,2,Found
3,4,0.0,8,T2,False,0,0,NoDiff
3,4,0.0,8,T1,False,0,0,NoDiff
3,4,1.0,2,T1,False,0,0,NoDiff
3,4,1.0,2,T2,False,0,0,NoDiff
3,4,1.0,4,T1,True,1,1,Found
3,4,1.0,4,T2,False,0,0,NoDiff
3,4,1.0,8,T1,False,0,0,NoDiff
3,4,1.0,8,T2,False,0,0,NoDiff
3,4,0.25,4,T1,True,1,3,Found
3,4,0.25,4,T2,True,1,3,Found
3,4,0.25,8,T2,False,0,0,NoDiff
3,4,0.25,8,T1,False,0,0,NoDiff
3,4,0.25,2,T1,False,0,0,NoDiff
3,4,0.25,2,T2,False,0,0,NoDiff
5,4,0.0,2,T1,True,1,2,Found
5,4,0.0,2,T2,True,1,1,Found
5,4,0.0,8,T1,True,1,1,Found
5,4,0.0,8,T2,True,1,1,Found
5,4,0.0,4,T2,True,1,2,Found
5,4,0.0,4,T1,True,1,1,Found
5,4,0.5,8,T2,True,1,1,Found
5,4,0.5,8,T1,True,1,1,Found
5,4,0.5,2,T2,True,1,1,Found
5,4,0.5,2,T1,True,1,2,Found
5,4,0.5,4,T2,True,1,2,Found
5,4,0.5,4,T1,True,1,1,Found
5,4,1.0,8,T1,True,1,1,Found
5,4,1.0,8,T2,True,1,1,Found
5,4,1.0,2,T2,True,1,1,Found
5,4,1.0,2,T1,True,1,2,Found
5,4,1.0,4,T1,True,1,1,Found
5,4,1.0,4,T2,True,1,2,Found
5,4,0.75,4,T2,True,1,2,Found
5,4,0.75,4,T1,True,1,1,Found
5,4,0.75,8,T1,True,1,1,Found
5,4,0.75,8,T2,True,1,1,Found
5,4,0.75,2,T1,True,1,2,Found
5,4,0.75,2,T2,True,1,1,Found
5,4,0.25,2,T2,True,1,1,Found
5,4,0.25,2,T1,True,1,2,Found
5,4,0.25,8,T2,True,1,1,Found
5,4,0.25,8,T1,True,1,1,Found
5,4,0.25,4,T1,True,1,1,Found
5,4,0.25,4,T2,True,1,2,Found
5,8,0.25,2,T3,False,0,0,NoDiff
5,8,0.25,2,T1,True,1,2,Found
5,8,0.25,2,T2,True,1,4,Found
5,8,0.25,2,T4,False,0,0,NoDiff
5,8,0.25,4,T2,True,1,4,Found
5,8,0.25,4,T1,False,0,0,NoDiff
5,8,0.25,4,T3,True,1,5,Found
5,8,0.25,4,T4,False,0,0,NoDiff
5,8,0.25,8,T3,False,0,0,NoDiff
5,8,0.25,8,T4,False,0,0,NoDiff
5,8,0.25,8,T2,False,0,0,NoDiff
5,8,0.25,8,T1,False,0,0,NoDiff
5,8,0.5,8,T3,False,0,0,NoDiff
5,8,0.5,8,T2,False,0,0,NoDiff
5,8,0.5,8,T1,False,0,0,NoDiff
5,8,0.5,8,T4,False,0,0,NoDiff
5,8,0.5,2,T2,True,1,4,Found
5,8,0.5,2,T3,False,0,0,NoDiff
5,8,0.5,2,T1,True,1,2,Found
5,8,0.5,2,T4,False,0,0,NoDiff
5,8,0.5,4,T3,False,0,0,NoDiff
5,8,0.5,4,T1,True,1,5,Found
5,8,0.5,4,T2,False,0,0,NoDiff
5,8,0.5,4,T4,True,1,3,Found
5,8,0.0,2,T3,False,0,0,NoDiff
5,8,0.0,2,T1,False,0,0,NoDiff
5,8,0.0,2,T2,True,1,5,Found
5,8,0.0,2,T4,False,0,0,NoDiff
5,8,0.0,4,T2,False,0,0,NoDiff
5,8,0.0,4,T1,False,0,0,NoDiff
5,8,0.0,4,T4,False,0,0,NoDiff
5,8,0.0,4,T3,True,1,5,Found
5,8,0.0,8,T1,False,0,0,NoDiff
5,8,0.0,8,T4,False,0,0,NoDiff
5,8,0.0,8,T3,False,0,0,NoDiff
5,8,0.0,8,T2,False,0,0,NoDiff
5,8,0.75,4,T4,False,0,0,NoDiff
5,8,0.75,4,T1,False,0,0,NoDiff
5,8,0.75,4,T2,False,0,0,NoDiff
5,8,0.75,4,T3,True,1,3,Found
5,8,0.75,8,T3,False,0,0,NoDiff
5,8,0.75,8,T1,False,0,0,NoDiff
5,8,0.75,8,T2,False,0,0,NoDiff
5,8,0.75,8,T4,False,0,0,NoDiff
5,8,0.75,2,T3,False,0,0,NoDiff
5,8,0.75,2,T2,True,1,5,Found
5,8,0.75,2,T1,False,0,0,NoDiff
5,8,0.75,2,T4,False,0,0,NoDiff
5,8,1.0,8,T1,False,0,0,NoDiff
5,8,1.0,8,T2,False,0,0,NoDiff
5,8,1.0,8,T3,False,0,0,NoDiff
5,8,1.0,8,T4,False,0,0,NoDiff
5,8,1.0,2,T4,False,0,0,NoDiff
5,8,1.0,2,T1,False,0,0,NoDiff
5,8,1.0,2,T2,True,1,5,Found
5,8,1.0,2,T3,False,0,0,NoDiff
5,8,1.0,4,T3,False,0,0,NoDiff
5,8,1.0,4,T1,True,1,3,Found
5,8,1.0,4,T4,True,1,1,Found
5,8,1.0,4,T2,False,0,0,NoDiff
5,12,0.0,8,T5,True,1,3,Found
5,12,0.0,8,T6,False,0,0,NoDiff
5,12,0.0,8,T4,False,0,0,NoDiff
5,12,0.0,8,T2,False,0,0,NoDiff
5,12,0.0,8,T1,False,0,0,NoDiff
5,12,0.0,8,T3,False,0,0,NoDiff
5,12,0.0,4,T6,False,0,0,NoDiff
5,12,0.0,4,T3,True,1,2,Found
5,12,0.0,4,T5,False,0,0,NoDiff
5,12,0.0,4,T2,False,0,0,NoDiff
5,12,0.0,4,T4,True,1,6,Found
5,12,0.0,4,T1,False,0,0,NoDiff
5,12,0.0,2,T1,False,0,0,NoDiff
5,12,0.0,2,T4,False,0,0,NoDiff
5,12,0.0,2,T2,False,0,0,NoDiff
5,12,0.0,2,T6,True,1,3,Found
5,12,0.0,2,T3,False,0,0,NoDiff
5,12,0.0,2,T5,False,0,0,NoDiff
5,12,1.0,8,T2,False,0,0,NoDiff
5,12,1.0,8,T1,False,0,0,NoDiff
5,12,1.0,8,T4,False,0,0,NoDiff
5,12,1.0,8,T5,True,1,3,Found
5,12,1.0,8,T6,False,0,0,NoDiff
5,12,1.0,8,T3,False,0,0,NoDiff
5,12,1.0,4,T2,False,0,0,NoDiff
5,12,1.0,4,T3,True,1,2,Found
5,12,1.0,4,T5,True,1,4,Found
5,12,1.0,4,T6,False,0,0,NoDiff
5,12,1.0,4,T1,False,0,0,NoDiff
5,12,1.0,4,T4,True,1,5,Found
5,12,1.0,2,T3,False,0,0,NoDiff
5,12,1.0,2,T2,False,0,0,NoDiff
5,12,1.0,2,T1,False,0,0,NoDiff
5,12,1.0,2,T4,False,0,0,NoDiff
5,12,1.0,2,T5,False,0,0,NoDiff
5,12,1.0,2,T6,True,1,3,Found
5,12,0.5,4,T1,False,0,0,NoDiff
5,12,0.5,4,T6,True,1,6,Found
5,12,0.5,4,T4,True,1,6,Found
5,12,0.5,4,T3,False,0,0,NoDiff
5,12,0.5,4,T5,False,0,0,NoDiff
5,12,0.5,4,T2,True,1,6,Found
5,12,0.5,2,T3,True,1,7,Found
5,12,0.5,2,T1,False,0,0,NoDiff
5,12,0.5,2,T4,True,1,6,Found
5,12,0.5,2,T5,False,0,0,NoDiff
5,12,0.5,2,T2,False,0,0,NoDiff
5,12,0.5,2,T6,True,1,3,Found
5,12,0.5,8,T4,False,0,0,NoDiff
5,12,0.5,8,T1,False,0,0,NoDiff
5,12,0.5,8,T6,False,0,0,NoDiff
5,12,0.5,8,T3,False,0,0,NoDiff
5,12,0.5,8,T2,False,0,0,NoDiff
5,12,0.5,8,T5,True,1,3,Found
5,12,0.25,4,T6,True,1,4,Found
5,12,0.25,4,T3,True,1,3,Found
5,12,0.25,4,T1,False,0,0,NoDiff
5,12,0.25,4,T4,False,0,0,NoDiff
5,12,0.25,4,T2,False,0,0,NoDiff
5,12,0.25,4,T5,True,1,2,Found
5,12,0.25,8,T5,True,1,3,Found
5,12,0.25,8,T4,False,0,0,NoDiff
5,12,0.25,8,T3,False,0,0,NoDiff
5,12,0.25,8,T6,False,0,0,NoDiff
5,12,0.25,8,T2,False,0,0,NoDiff
5,12,0.25,8,T1,False,0,0,NoDiff
5,12,0.25,2,T4,True,1,4,Found
5,12,0.25,2,T3,True,1,5,Found
5,12,0.25,2,T6,False,0,0,NoDiff
5,12,0.25,2,T2,True,1,4,Found
5,12,0.25,2,T1,False,0,0,NoDiff
5,12,0.25,2,T5,False,0,0,NoDiff
5,12,0.75,8,T4,False,0,0,NoDiff
5,12,0.75,8,T2,False,0,0,NoDiff
5,12,0.75,8,T1,False,0,0,NoDiff
5,12,0.75,8,T3,False,0,0,NoDiff
5,12,0.75,8,T6,False,0,0,NoDiff
5,12,0.75,8,T5,True,1,3,Found
5,12,0.75,2,T5,False,0,0,NoDiff
5,12,0.75,2,T3,True,1,5,Found
5,12,0.75,2,T4,True,1,6,Found
5,12,0.75,2,T2,True,1,6,Found
5,12,0.75,2,T6,True,1,3,Found
5,12,0.75,2,T1,False,0,0,NoDiff
5,12,0.75,4,T5,False,0,0,NoDiff
5,12,0.75,4,T3,False,0,0,NoDiff
5,12,0.75,4,T6,True,1,4,Found
5,12,0.75,4,T2,False,0,0,NoDiff
5,12,0.75,4,T1,False,0,0,NoDiff
5,12,0.75,4,T4,True,1,6,Found
9,8,0.75,8,T2,False,0,0,NoDiff
9,8,0.75,8,T4,True,1,5,Found
9,8,0.75,8,T3,False,0,0,NoDiff
9,8,0.75,8,T1,False,0,0,NoDiff
9,8,0.75,2,T4,False,0,0,NoDiff
9,8,0.75,2,T3,False,0,0,NoDiff
9,8,0.75,2,T2,False,0,0,NoDiff
9,8,0.75,2,T1,False,0,0,NoDiff
9,8,0.75,4,T1,False,0,0,NoDiff
9,8,0.75,4,T4,False,0,0,NoDiff
9,8,0.75,4,T3,False,0,0,NoDiff
9,8,0.75,4,T2,False,0,0,NoDiff
9,8,0.25,2,T2,False,0,0,NoDiff
9,8,0.25,2,T3,False,0,0,NoDiff
9,8,0.25,2,T1,False,0,0,NoDiff
9,8,0.25,2,T4,False,0,0,NoDiff
9,8,0.25,8,T3,True,1,3,Found
9,8,0.25,8,T4,False,0,0,NoDiff
9,8,0.25,8,T1,True,1,2,Found
9,8,0.25,8,T2,False,0,0,NoDiff
9,8,0.25,4,T1,False,0,0,NoDiff
9,8,0.25,4,T3,False,0,0,NoDiff
9,8,0.25,4,T4,False,0,0,NoDiff
9,8,0.25,4,T2,False,0,0,NoDiff
9,8,1.0,2,T2,False,0,0,NoDiff
9,8,1.0,2,T1,False,0,0,NoDiff
9,8,1.0,2,T3,False,0,0,NoDiff
9,8,1.0,2,T4,False,0,0,NoDiff
9,8,1.0,8,T4,True,1,5,Found
9,8,1.0,8,T2,False,0,0,NoDiff
9,8,1.0,8,T3,False,0,0,NoDiff
9,8,1.0,8,T1,False,0,0,NoDiff
9,8,1.0,4,T4,False,0,0,NoDiff
9,8,1.0,4,T3,False,0,0,NoDiff
9,8,1.0,4,T1,False,0,0,NoDiff
9,8,1.0,4,T2,False,0,0,NoDiff
9,8,0.0,8,T2,False,0,0,NoDiff
9,8,0.0,8,T1,False,0,0,NoDiff
9,8,0.0,8,T3,False,0,0,NoDiff
9,8,0.0,8,T4,True,1,4,Found
9,8,0.0,4,T1,False,0,0,NoDiff
9,8,0.0,4,T3,False,0,0,NoDiff
9,8,0.0,4,T2,False,0,0,NoDiff
9,8,0.0,4,T4,False,0,0,NoDiff
9,8,0.0,2,T4,False,0,0,NoDiff
9,8,0.0,2,T2,False,0,0,NoDiff
9,8,0.0,2,T3,False,0,0,NoDiff
9,8,0.0,2,T1,False,0,0,NoDiff
9,8,0.5,8,T3,True,1,2,Found
9,8,0.5,8,T2,False,0,0,NoDiff
9,8,0.5,8,T1,True,1,2,Found
9,8,0.5,8,T4,False,0,0,NoDiff
9,8,0.5,4,T3,False,0,0,NoDiff
9,8,0.5,4,T1,False,0,0,NoDiff
9,8,0.5,4,T2,False,0,0,NoDiff
9,8,0.5,4,T4,False,0,0,NoDiff
9,8,0.5,2,T3,False,0,0,NoDiff
9,8,0.5,2,T2,False,0,0,NoDiff
9,8,0.5,2,T1,False,0,0,NoDiff
9,8,0.5,2,T4,False,0,0,NoDiff
9,12,0.5,8,T2,False,0,0,NoDiff
9,12,0.5,8,T3,False,0,0,NoDiff
9,12,0.5,8,T1,True,1,6,Found
9,12,0.5,8,T5,True,1,9,Found
9,12,0.5,8,T4,True,1,3,Found
9,12,0.5,8,T6,False,0,0,NoDiff
9,12,0.5,2,T5,False,0,0,NoDiff
9,12,0.5,2,T2,False,0,0,NoDiff
9,12,0.5,2,T3,False,0,0,NoDiff
9,12,0.5,2,T6,False,0,0,NoDiff
9,12,0.5,2,T4,False,0,0,NoDiff
9,12,0.5,2,T1,False,0,0,NoDiff
9,12,0.5,4,T2,True,1,6,Found
9,12,0.5,4,T3,False,0,0,NoDiff
9,12,0.5,4,T1,True,1,4,Found
9,12,0.5,4,T6,False,0,0,NoDiff
9,12,0.5,4,T4,False,0,0,NoDiff
9,12,0.5,4,T5,True,1,4,Found
9,12,0.75,4,T4,False,0,0,NoDiff
9,12,0.75,4,T2,True,1,8,Found
9,12,0.75,4,T6,False,0,0,NoDiff
9,12,0.75,4,T3,False,0,0,NoDiff
9,12,0.75,4,T1,False,0,0,NoDiff
9,12,0.75,4,T5,True,1,5,Found
9,12,0.75,2,T2,False,0,0,NoDiff
9,12,0.75,2,T3,False,0,0,NoDiff
9,12,0.75,2,T5,False,0,0,NoDiff
9,12,0.75,2,T1,False,0,0,NoDiff
9,12,0.75,2,T4,False,0,0,NoDiff
9,12,0.75,2,T6,False,0,0,NoDiff
9,12,0.75,8,T2,False,0,0,NoDiff
9,12,0.75,8,T3,False,0,0,NoDiff
9,12,0.75,8,T5,True,1,3,Found
9,12,0.75,8,T4,True,1,2,Found
9,12,0.75,8,T6,True,1,5,Found
9,12,0.75,8,T1,True,1,4,Found
9,12,0.0,8,T2,False,0,0,NoDiff
9,12,0.0,8,T6,True,1,4,Found
9,12,0.0,8,T5,True,1,4,Found
9,12,0.0,8,T3,False,0,0,NoDiff
9,12,0.0,8,T1,True,1,3,Found
9,12,0.0,8,T4,True,1,2,Found
9,12,0.0,2,T5,False,0,0,NoDiff
9,12,0.0,2,T1,False,0,0,NoDiff
9,12,0.0,2,T3,False,0,0,NoDiff
9,12,0.0,2,T2,False,0,0,NoDiff
9,12,0.0,2,T4,False,0,0,NoDiff
9,12,0.0,2,T6,False,0,0,NoDiff
9,12,0.0,4,T6,False,0,0,NoDiff
9,12,0.0,4,T2,True,1,6,Found
9,12,0.0,4,T4,False,0,0,NoDiff
9,12,0.0,4,T5,True,1,5,Found
9,12,0.0,4,T3,False,0,0,NoDiff
9,12,0.0,4,T1,True,1,3,Found
9,12,0.25,4,T3,False,0,0,NoDiff
9,12,0.25,4,T2,True,1,6,Found
9,12,0.25,4,T1,True,1,5,Found
9,12,0.25,4,T5,True,1,7,Found
9,12,0.25,4,T6,True,1,7,Found
9,12,0.25,4,T4,True,1,6,Found
9,12,0.25,2,T1,False,0,0,NoDiff
9,12,0.25,2,T5,False,0,0,NoDiff
9,12,0.25,2,T3,False,0,0,NoDiff
9,12,0.25,2,T2,False,0,0,NoDiff
9,12,0.25,2,T4,False,0,0,NoDiff
9,12,0.25,2,T6,False,0,0,NoDiff
9,12,0.25,8,T4,False,0,0,NoDiff
9,12,0.25,8,T2,False,0,0,NoDiff
9,12,0.25,8,T6,True,1,3,Found
9,12,0.25,8,T1,False,0,0,NoDiff
9,12,0.25,8,T3,False,0,0,NoDiff
9,12,0.25,8,T5,False,0,0,NoDiff
9,12,1.0,8,T3,False,0,0,NoDiff
9,12,1.0,8,T1,True,1,2,Found
9,12,1.0,8,T5,True,1,6,Found
9,12,1.0,8,T6,True,1,5,Found
9,12,1.0,8,T4,True,1,7,Found
9,12,1.0,8,T2,True,1,7,Found
9,12,1.0,2,T3,False,0,0,NoDiff
9,12,1.0,2,T6,False,0,0,NoDiff
9,12,1.0,2,T5,False,0,0,NoDiff
9,12,1.0,2,T1,False,0,0,NoDiff
9,12,1.0,2,T4,False,0,0,NoDiff
9,12,1.0,2,T2,False,0,0,NoDiff
9,12,1.0,4,T1,True,1,4,Found
9,12,1.0,4,T3,False,0,0,NoDiff
9,12,1.0,4,T2,False,0,0,NoDiff
9,12,1.0,4,T6,False,0,0,NoDiff
9,12,1.0,4,T5,True,1,7,Found
9,12,1.0,4,T4,True,1,5,Found
9,4,0.5,4,T1,False,0,0,NoDiff
9,4,0.5,4,T2,False,0,0,NoDiff
9,4,0.5,2,T1,False,0,0,NoDiff
9,4,0.5,2,T2,False,0,0,NoDiff
9,4,0.5,8,T1,True,1,2,Found
9,4,0.5,8,T2,True,1,3,Found
9,4,0.25,4,T2,False,0,0,NoDiff
9,4,0.25,4,T1,False,0,0,NoDiff
9,4,0.25,8,T1,True,1,2,Found
9,4,0.25,8,T2,True,1,3,Found
9,4,0.25,2,T1,False,0,0,NoDiff
9,4,0.25,2,T2,False,0,0,NoDiff
9,4,0.0,8,T1,False,0,0,NoDiff
9,4,0.0,8,T2,False,0,0,NoDiff
9,4,0.0,4,T2,False,0,0,NoDiff
9,4,0.0,4,T1,False,0,0,NoDiff
9,4,0.0,2,T1,False,0,0,NoDiff
9,4,0.0,2,T2,False,0,0,NoDiff
9,4,1.0,2,T1,False,0,0,NoDiff
9,4,1.0,2,T2,False,0,0,NoDiff
9,4,1.0,8,T2,False,0,0,NoDiff
9,4,1.0,8,T1,True,1,2,Found
9,4,1.0,4,T2,False,0,0,NoDiff
9,4,1.0,4,T1,False,0,0,NoDiff
9,4,0.75,2,T1,False,0,0,NoDiff
9,4,0.75,2,T2,False,0,0,NoDiff
9,4,0.75,8,T1,True,1,2,Found
9,4,0.75,8,T2,True,1,3,Found
9,4,0.75,4,T1,False,0,0,NoDiff
9,4,0.75,4,T2,False,0,0,NoDiff
0,8,1.0,4,T3,True,1,4,Found
0,8,1.0,4,T1,True,1,6,Found
0,8,1.0,4,T4,True,1,5,Found
0,8,1.0,4,T2,True,1,3,Found
0,8,1.0,8,T3,False,0,0,NoDiff
0,8,1.0,8,T2,True,1,3,Found
0,8,1.0,8,T1,False,0,0,NoDiff
0,8,1.0,8,T4,True,1,4,Found
0,8,1.0,2,T1,False,0,0,NoDiff
0,8,1.0,2,T3,False,0,0,NoDiff
0,8,1.0,2,T4,False,0,0,NoDiff
0,8,1.0,2,T2,False,0,0,NoDiff
0,8,0.75,8,T3,False,0,0,NoDiff
0,8,0.75,8,T4,True,1,2,Found
0,8,0.75,8,T1,False,0,0,NoDiff
0,8,0.75,8,T2,True,1,4,Found
0,8,0.75,4,T1,True,1,6,Found
0,8,0.75,4,T2,True,1,2,Found
0,8,0.75,4,T4,False,0,0,NoDiff
0,8,0.75,4,T3,True,1,4,Found
0,8,0.75,2,T2,False,0,0,NoDiff
0,8,0.75,2,T1,False,0,0,NoDiff
0,8,0.75,2,T4,False,0,0,NoDiff
0,8,0.75,2,T3,False,0,0,NoDiff
0,8,0.5,8,T1,False,0,0,NoDiff
0,8,0.5,8,T3,False,0,0,NoDiff
0,8,0.5,8,T4,True,1,3,Found
0,8,0.5,8,T2,True,1,4,Found
0,8,0.5,2,T2,False,0,0,NoDiff
0,8,0.5,2,T3,False,0,0,NoDiff
0,8,0.5,2,T1,False,0,0,NoDiff
0,8,0.5,2,T4,False,0,0,NoDiff
0,8,0.5,4,T2,True,1,1,Found
0,8,0.5,4,T1,True,1,6,Found
0,8,0.5,4,T4,True,1,4,Found
0,8,0.5,4,T3,True,1,4,Found
0,8,0.25,4,T4,False,0,0,NoDiff
0,8,0.25,4,T1,False,0,0,NoDiff
0,8,0.25,4,T3,False,0,0,NoDiff
0,8,0.25,4,T2,False,0,0,NoDiff
0,8,0.25,8,T4,False,0,0,NoDiff
0,8,0.25,8,T2,True,1,4,Found
0,8,0.25,8,T1,False,0,0,NoDiff
0,8,0.25,8,T3,False,0,0,NoDiff
0,8,0.25,2,T1,False,0,0,NoDiff
0,8,0.25,2,T2,False,0,0,NoDiff
0,8,0.25,2,T4,False,0,0,NoDiff
0,8,0.25,2,T3,False,0,0,NoDiff
0,8,0.0,2,T4,False,0,0,NoDiff
0,8,0.0,2,T1,False,0,0,NoDiff
0,8,0.0,2,T2,False,0,0,NoDiff
0,8,0.0,2,T3,False,0,0,NoDiff
0,8,0.0,4,T3,False,0,0,NoDiff
0,8,0.0,4,T2,False,0,0,NoDiff
0,8,0.0,4,T4,False,0,0,NoDiff
0,8,0.0,4,T1,False,0,0,NoDiff
0,8,0.0,8,T4,False,0,0,NoDiff
0,8,0.0,8,T1,False,0,0,NoDiff
0,8,0.0,8,T3,False,0,0,NoDiff
0,8,0.0,8,T2,True,1,3,Found
0,12,0.0,2,T5,False,0,0,NoDiff
0,12,0.0,2,T1,False,0,0,NoDiff
0,12,0.0,2,T2,False,0,0,NoDiff
0,12,0.0,2,T6,True,1,3,Found
0,12,0.0,2,T3,True,1,1,Found
0,12,0.0,2,T4,False,0,0,NoDiff
0,12,0.0,4,T2,False,0,0,NoDiff
0,12,0.0,4,T4,False,0,0,NoDiff
0,12,0.0,4,T5,False,0,0,NoDiff
0,12,0.0,4,T3,True,1,2,Found
0,12,0.0,4,T1,False,0,0,NoDiff
0,12,0.0,4,T6,False,0,0,NoDiff
0,12,0.0,8,T2,False,0,0,NoDiff
0,12,0.0,8,T1,False,0,0,NoDiff
0,12,0.0,8,T3,False,0,0,NoDiff
0,12,0.0,8,T4,False,0,0,NoDiff
0,12,0.0,8,T5,False,0,0,NoDiff
0,12,0.0,8,T6,True,1,2,Found
0,12,1.0,2,T4,False,0,0,NoDiff
0,12,1.0,2,T1,False,0,0,NoDiff
0,12,1.0,2,T6,True,1,3,Found
0,12,1.0,2,T2,False,0,0,NoDiff
0,12,1.0,2,T3,False,0,0,NoDiff
0,12,1.0,2,T5,False,0,0,NoDiff
0,12,1.0,8,T2,True,1,5,Found
0,12,1.0,8,T4,True,1,7,Found
0,12,1.0,8,T5,False,0,0,NoDiff
0,12,1.0,8,T6,True,1,2,Found
0,12,1.0,8,T1,False,0,0,NoDiff
0,12,1.0,8,T3,True,1,6,Found
0,12,1.0,4,T2,False,0,0,NoDiff
0,12,1.0,4,T1,False,0,0,NoDiff
0,12,1.0,4,T5,False,0,0,NoDiff
0,12,1.0,4,T4,False,0,0,NoDiff
0,12,1.0,4,T6,False,0,0,NoDiff
0,12,1.0,4,T3,True,1,3,Found
0,12,0.25,4,T4,False,0,0,NoDiff
0,12,0.25,4,T6,False,0,0,NoDiff
0,12,0.25,4,T1,False,0,0,NoDiff
0,12,0.25,4,T2,False,0,0,NoDiff
0,12,0.25,4,T5,True,1,3,Found
0,12,0.25,4,T3,False,0,0,NoDiff
0,12,0.25,2,T1,False,0,0,NoDiff
0,12,0.25,2,T3,True,1,2,Found
0,12,0.25,2,T4,False,0,0,NoDiff
0,12,0.25,2,T5,False,0,0,NoDiff
0,12,0.25,2,T2,False,0,0,NoDiff
0,12,0.25,2,T6,True,1,3,Found
0,12,0.25,8,T4,True,1,4,Found
0,12,0.25,8,T3,False,0,0,NoDiff
0,12,0.25,8,T1,False,0,0,NoDiff
0,12,0.25,8,T6,False,0,0,NoDiff
0,12,0.25,8,T5,False,0,0,NoDiff
0,12,0.25,8,T2,True,1,6,Found
0,12,0.75,8,T1,False,0,0,NoDiff
0,12,0.75,8,T2,True,1,5,Found
0,12,0.75,8,T6,True,1,6,Found
0,12,0.75,8,T5,False,0,0,NoDiff
0,12,0.75,8,T3,False,0,0,NoDiff
0,12,0.75,8,T4,True,1,6,Found
0,12,0.75,2,T1,False,0,0,NoDiff
0,12,0.75,2,T2,False,0,0,NoDiff
0,12,0.75,2,T6,False,0,0,NoDiff
0,12,0.75,2,T4,False,0,0,NoDiff
0,12,0.75,2,T3,True,1,2,Found
0,12,0.75,2,T5,False,0,0,NoDiff
0,12,0.75,4,T2,False,0,0,NoDiff
0,12,0.75,4,T5,True,1,3,Found
0,12,0.75,4,T3,False,0,0,NoDiff
0,12,0.75,4,T6,False,0,0,NoDiff
0,12,0.75,4,T4,False,0,0,NoDiff
0,12,0.75,4,T1,True,1,7,Found
0,12,0.5,2,T6,False,0,0,NoDiff
0,12,0.5,2,T1,False,0,0,NoDiff
0,12,0.5,2,T2,False,0,0,NoDiff
0,12,0.5,2,T4,False,0,0,NoDiff
0,12,0.5,2,T3,True,1,2,Found
0,12,0.5,2,T5,False,0,0,NoDiff
0,12,0.5,8,T1,False,0,0,NoDiff
0,12,0.5,8,T4,True,1,5,Found
0,12,0.5,8,T3,False,0,0,NoDiff
0,12,0.5,8,T5,False,0,0,NoDiff
0,12,0.5,8,T6,True,1,4,Found
0,12,0.5,8,T2,True,1,5,Found
0,12,0.5,4,T6,False,0,0,NoDiff
0,12,0.5,4,T3,False,0,0,NoDiff
0,12,0.5,4,T4,False,0,0,NoDiff
0,12,0.5,4,T2,False,0,0,NoDiff
0,12,0.5,4,T5,True,1,3,Found
0,12,0.5,4,T1,False,0,0,NoDiff
0,4,0.5,2,T1,False,0,0,NoDiff
0,4,0.5,2,T2,False,0,0,NoDiff
0,4,0.5,8,T2,False,0,0,NoDiff
0,4,0.5,8,T1,False,0,0,NoDiff
0,4,0.5,4,T2,True,1,2,Found
0,4,0.5,4,T1,False,0,0,NoDiff
0,4,1.0,2,T1,False,0,0,NoDiff
0,4,1.0,2,T2,False,0,0,NoDiff
0,4,1.0,8,T2,True,1,2,Found
0,4,1.0,8,T1,True,1,3,Found
0,4,1.0,4,T2,False,0,0,NoDiff
0,4,1.0,4,T1,True,1,4,Found
0,4,0.25,4,T2,False,0,0,NoDiff
0,4,0.25,4,T1,False,0,0,NoDiff
0,4,0.25,8,T1,False,0,0,NoDiff
0,4,0.25,8,T2,True,1,3,Found
0,4,0.25,2,T1,False,0,0,NoDiff
0,4,0.25,2,T2,False,0,0,NoDiff
0,4,0.0,8,T2,True,1,2,Found
0,4,0.0,8,T1,False,0,0,NoDiff
0,4,0.0,2,T2,False,0,0,NoDiff
0,4,0.0,2,T1,False,0,0,NoDiff
0,4,0.0,4,T2,False,0,0,NoDiff
0,4,0.0,4,T1,False,0,0,NoDiff
0,4,0.75,8,T2,False,0,0,NoDiff
0,4,0.75,8,T1,False,0,0,NoDiff
0,4,0.75,2,T1,False,0,0,NoDiff
0,4,0.75,2,T2,False,0,0,NoDiff
0,4,0.75,4,T2,True,1,2,Found
0,4,0.75,4,T1,False,0,0,NoDiff
2,12,1.0,8,T5,False,0,0,NoDiff
2,12,1.0,8,T4,False,0,0,NoDiff
2,12,1.0,8,T3,False,0,0,NoDiff
2,12,1.0,8,T2,False,0,0,NoDiff
2,12,1.0,8,T1,False,0,0,NoDiff
2,12,1.0,8,T6,False,0,0,NoDiff
2,12,1.0,2,T2,True,1,6,Found
2,12,1.0,2,T4,False,0,0,NoDiff
2,12,1.0,2,T1,False,0,0,NoDiff
2,12,1.0,2,T6,False,0,0,NoDiff
2,12,1.0,2,T3,False,0,0,NoDiff
2,12,1.0,2,T5,False,0,0,NoDiff
2,12,1.0,4,T5,True,1,9,Found
2,12,1.0,4,T3,True,1,3,Found
2,12,1.0,4,T6,True,1,3,Found
2,12,1.0,4,T1,True,1,4,Found
2,12,1.0,4,T4,False,0,0,NoDiff
2,12,1.0,4,T2,True,1,6,Found
2,12,0.75,2,T1,True,1,4,Found
2,12,0.75,2,T3,True,1,3,Found
2,12,0.75,2,T5,False,0,0,NoDiff
2,12,0.75,2,T2,True,1,4,Found
2,12,0.75,2,T6,False,0,0,NoDiff
2,12,0.75,2,T4,False,0,0,NoDiff
2,12,0.75,4,T6,True,1,4,Found
2,12,0.75,4,T5,True,1,2,Found
2,12,0.75,4,T3,False,0,0,NoDiff
2,12,0.75,4,T1,True,1,4,Found
2,12,0.75,4,T2,True,1,5,Found
2,12,0.75,4,T4,False,0,0,NoDiff
2,12,0.75,8,T4,False,0,0,NoDiff
2,12,0.75,8,T2,False,0,0,NoDiff
2,12,0.75,8,T5,False,0,0,NoDiff
2,12,0.75,8,T3,False,0,0,NoDiff
2,12,0.75,8,T6,False,0,0,NoDiff
2,12,0.75,8,T1,False,0,0,NoDiff
2,12,0.25,4,T4,True,1,4,Found
2,12,0.25,4,T2,False,0,0,NoDiff
2,12,0.25,4,T6,True,1,6,Found
2,12,0.25,4,T3,False,0,0,NoDiff
2,12,0.25,4,T5,True,1,3,Found
2,12,0.25,4,T1,False,0,0,NoDiff
2,12,0.25,2,T1,False,0,0,NoDiff
2,12,0.25,2,T4,False,0,0,NoDiff
2,12,0.25,2,T6,True,1,5,Found
2,12,0.25,2,T3,True,1,7,Found
2,12,0.25,2,T2,False,0,0,NoDiff
2,12,0.25,2,T5,True,1,8,Found
2,12,0.25,8,T2,False,0,0,NoDiff
2,12,0.25,8,T3,False,0,0,NoDiff
2,12,0.25,8,T6,False,0,0,NoDiff
2,12,0.25,8,T4,False,0,0,NoDiff
2,12,0.25,8,T1,False,0,0,NoDiff
2,12,0.25,8,T5,False,0,0,NoDiff
2,12,0.0,8,T3,False,0,0,NoDiff
2,12,0.0,8,T2,False,0,0,NoDiff
2,12,0.0,8,T1,False,0,0,NoDiff
2,12,0.0,8,T5,False,0,0,NoDiff
2,12,0.0,8,T4,False,0,0,NoDiff
2,12,0.0,8,T6,False,0,0,NoDiff
2,12,0.0,2,T6,False,0,0,NoDiff
2,12,0.0,2,T2,False,0,0,NoDiff
2,12,0.0,2,T4,False,0,0,NoDiff
2,12,0.0,2,T5,False,0,0,NoDiff
2,12,0.0,2,T1,True,1,4,Found
2,12,0.0,2,T3,True,1,4,Found
2,12,0.0,4,T2,False,0,0,NoDiff
2,12,0.0,4,T1,True,1,5,Found
2,12,0.0,4,T5,True,1,5,Found
2,12,0.0,4,T4,False,0,0,NoDiff
2,12,0.0,4,T6,True,1,4,Found
2,12,0.0,4,T3,False,0,0,NoDiff
2,12,0.5,8,T1,False,0,0,NoDiff
2,12,0.5,8,T5,False,0,0,NoDiff
2,12,0.5,8,T6,False,0,0,NoDiff
2,12,0.5,8,T3,False,0,0,NoDiff
2,12,0.5,8,T4,False,0,0,NoDiff
2,12,0.5,8,T2,False,0,0,NoDiff
2,12,0.5,4,T6,True,1,4,Found
2,12,0.5,4,T3,False,0,0,NoDiff
2,12,0.5,4,T4,False,0,0,NoDiff
2,12,0.5,4,T5,True,1,2,Found
2,12,0.5,4,T2,False,0,0,NoDiff
2,12,0.5,4,T1,True,1,5,Found
2,12,0.5,2,T5,False,0,0,NoDiff
2,12,0.5,2,T1,True,1,4,Found
2,12,0.5,2,T3,True,1,4,Found
2,12,0.5,2,T2,True,1,6,Found
2,12,0.5,2,T4,False,0,0,NoDiff
2,12,0.5,2,T6,False,0,0,NoDiff
2,8,0.75,4,T4,False,0,0,NoDiff
2,8,0.75,4,T3,True,1,1,Found
2,8,0.75,4,T1,False,0,0,NoDiff
2,8,0.75,4,T2,True,1,4,Found
2,8,0.75,2,T2,False,0,0,NoDiff
2,8,0.75,2,T4,False,0,0,NoDiff
2,8,0.75,2,T3,False,0,0,NoDiff
2,8,0.75,2,T1,False,0,0,NoDiff
2,8,0.75,8,T4,False,0,0,NoDiff
2,8,0.75,8,T3,False,0,0,NoDiff
2,8,0.75,8,T2,False,0,0,NoDiff
2,8,0.75,8,T1,False,0,0,NoDiff
2,8,1.0,2,T1,False,0,0,NoDiff
2,8,1.0,2,T4,False,0,0,NoDiff
2,8,1.0,2,T2,False,0,0,NoDiff
2,8,1.0,2,T3,False,0,0,NoDiff
2,8,1.0,4,T1,False,0,0,NoDiff
2,8,1.0,4,T2,False,0,0,NoDiff
2,8,1.0,4,T3,True,1,2,Found
2,8,1.0,4,T4,False,0,0,NoDiff
2,8,1.0,8,T2,False,0,0,NoDiff
2,8,1.0,8,T4,False,0,0,NoDiff
2,8,1.0,8,T3,False,0,0,NoDiff
2,8,1.0,8,T1,False,0,0,NoDiff
2,8,0.25,4,T1,False,0,0,NoDiff
2,8,0.25,4,T3,True,1,2,Found
2,8,0.25,4,T4,True,1,5,Found
2,8,0.25,4,T2,False,0,0,NoDiff
2,8,0.25,8,T2,False,0,0,NoDiff
2,8,0.25,8,T1,False,0,0,NoDiff
2,8,0.25,8,T3,False,0,0,NoDiff
2,8,0.25,8,T4,False,0,0,NoDiff
2,8,0.25,2,T4,False,0,0,NoDiff
2,8,0.25,2,T1,False,0,0,NoDiff
2,8,0.25,2,T2,False,0,0,NoDiff
2,8,0.25,2,T3,False,0,0,NoDiff
2,8,0.0,4,T3,True,1,1,Found
2,8,0.0,4,T2,True,1,4,Found
2,8,0.0,4,T1,False,0,0,NoDiff
2,8,0.0,4,T4,False,0,0,NoDiff
2,8,0.0,8,T3,False,0,0,NoDiff
2,8,0.0,8,T2,False,0,0,NoDiff
2,8,0.0,8,T4,False,0,0,NoDiff
2,8,0.0,8,T1,False,0,0,NoDiff
2,8,0.0,2,T1,False,0,0,NoDiff
2,8,0.0,2,T2,False,0,0,NoDiff
2,8,0.0,2,T4,False,0,0,NoDiff
2,8,0.0,2,T3,False,0,0,NoDiff
2,8,0.5,8,T3,False,0,0,NoDiff
2,8,0.5,8,T4,False,0,0,NoDiff
2,8,0.5,8,T1,False,0,0,NoDiff
2,8,0.5,8,T2,False,0,0,NoDiff
2,8,0.5,4,T1,False,0,0,NoDiff
2,8,0.5,4,T3,True,1,2,Found
2,8,0.5,4,T4,True,1,5,Found
2,8,0.5,4,T2,False,0,0,NoDiff
2,8,0.5,2,T3,False,0,0,NoDiff
2,8,0.5,2,T4,False,0,0,NoDiff
2,8,0.5,2,T2,False,0,0,NoDiff
2,8,0.5,2,T1,False,0,0,NoDiff
2,4,0.0,4,T1,False,0,0,NoDiff
2,4,0.0,4,T2,True,1,2,Found
2,4,0.0,8,T2,False,0,0,NoDiff
2,4,0.0,8,T1,False,0,0,NoDiff
2,4,0.0,2,T2,False,0,0,NoDiff
2,4,0.0,2,T1,False,0,0,NoDiff
2,4,1.0,2,T1,False,0,0,NoDiff
2,4,1.0,2,T2,False,0,0,NoDiff
2,4,1.0,4,T2,False,0,0,NoDiff
2,4,1.0,4,T1,False,0,0,NoDiff
2,4,1.0,8,T1,False,0,0,NoDiff
2,4,1.0,8,T2,False,0,0,NoDiff
2,4,0.25,2,T2,False,0,0,NoDiff
2,4,0.25,2,T1,False,0,0,NoDiff
2,4,0.25,4,T2,False,0,0,NoDiff
2,4,0.25,4,T1,False,0,0,NoDiff
2,4,0.25,8,T1,False,0,0,NoDiff
2,4,0.25,8,T2,False,0,0,NoDiff
2,4,0.5,8,T2,False,0,0,NoDiff
2,4,0.5,8,T1,False,0,0,NoDiff
2,4,0.5,2,T1,False,0,0,NoDiff
2,4,0.5,2,T2,False,0,0,NoDiff
2,4,0.5,4,T1,False,0,0,NoDiff
2,4,0.5,4,T2,False,0,0,NoDiff
2,4,0.75,2,T1,False,0,0,NoDiff
2,4,0.75,2,T2,False,0,0,NoDiff
2,4,0.75,8,T1,False,0,0,NoDiff
2,4,0.75,8,T2,False,0,0,NoDiff
2,4,0.75,4,T2,False,0,0,NoDiff
2,4,0.75,4,T1,False,0,0,NoDiff
7,8,1.0,4,T3,True,1,5,Found
7,8,1.0,4,T2,True,1,5,Found
7,8,1.0,4,T1,False,0,0,NoDiff
7,8,1.0,4,T4,False,0,0,NoDiff
7,8,1.0,2,T1,True,1,2,Found
7,8,1.0,2,T2,False,0,0,NoDiff
7,8,1.0,2,T4,False,0,0,NoDiff
7,8,1.0,2,T3,False,0,0,NoDiff
7,8,1.0,8,T4,False,0,0,NoDiff
7,8,1.0,8,T3,True,1,5,Found
7,8,1.0,8,T1,True,1,4,Found
7,8,1.0,8,T2,True,1,3,Found
7,8,0.5,2,T4,False,0,0,NoDiff
7,8,0.5,2,T1,False,0,0,NoDiff
7,8,0.5,2,T3,False,0,0,NoDiff
7,8,0.5,2,T2,False,0,0,NoDiff
7,8,0.5,8,T1,True,1,4,Found
7,8,0.5,8,T4,False,0,0,NoDiff
7,8,0.5,8,T2,True,1,3,Found
7,8,0.5,8,T3,False,0,0,NoDiff
7,8,0.5,4,T1,False,0,0,NoDiff
7,8,0.5,4,T4,False,0,0,NoDiff
7,8,0.5,4,T3,True,1,6,Found
7,8,0.5,4,T2,True,1,4,Found
7,8,0.0,4,T4,False,0,0,NoDiff
7,8,0.0,4,T1,True,1,4,Found
7,8,0.0,4,T2,False,0,0,NoDiff
7,8,0.0,4,T3,False,0,0,NoDiff
7,8,0.0,8,T1,False,0,0,NoDiff
7,8,0.0,8,T4,False,0,0,NoDiff
7,8,0.0,8,T3,True,1,2,Found
7,8,0.0,8,T2,True,1,3,Found
7,8,0.0,2,T1,True,1,2,Found
7,8,0.0,2,T4,False,0,0,NoDiff
7,8,0.0,2,T3,False,0,0,NoDiff
7,8,0.0,2,T2,False,0,0,NoDiff
7,8,0.25,2,T2,False,0,0,NoDiff
7,8,0.25,2,T4,False,0,0,NoDiff
7,8,0.25,2,T3,False,0,0,NoDiff
7,8,0.25,2,T1,False,0,0,NoDiff
7,8,0.25,8,T3,False,0,0,NoDiff
7,8,0.25,8,T4,False,0,0,NoDiff
7,8,0.25,8,T2,True,1,3,Found
7,8,0.25,8,T1,True,1,4,Found
7,8,0.25,4,T4,False,0,0,NoDiff
7,8,0.25,4,T2,True,1,5,Found
7,8,0.25,4,T3,True,1,6,Found
7,8,0.25,4,T1,False,0,0,NoDiff
7,8,0.75,2,T4,False,0,0,NoDiff
7,8,0.75,2,T1,True,1,2,Found
7,8,0.75,2,T2,False,0,0,NoDiff
7,8,0.75,2,T3,False,0,0,NoDiff
7,8,0.75,8,T1,True,1,4,Found
7,8,0.75,8,T3,True,1,6,Found
7,8,0.75,8,T2,True,1,3,Found
7,8,0.75,8,T4,False,0,0,NoDiff
7,8,0.75,4,T1,False,0,0,NoDiff
7,8,0.75,4,T2,True,1,4,Found
7,8,0.75,4,T3,True,1,5,Found
7,8,0.75,4,T4,False,0,0,NoDiff
7,4,0.5,2,T2,False,0,0,NoDiff
7,4,0.5,2,T1,True,1,1,Found
7,4,0.5,4,T1,True,1,2,Found
7,4,0.5,4,T2,False,0,0,NoDiff
7,4,0.5,8,T2,True,1,3,Found
7,4,0.5,8,T1,False,0,0,NoDiff
7,4,0.25,4,T1,True,1,2,Found
7,4,0.25,4,T2,False,0,0,NoDiff
7,4,0.25,8,T2,False,0,0,NoDiff
7,4,0.25,8,T1,False,0,0,NoDiff
7,4,0.25,2,T2,False,0,0,NoDiff
7,4,0.25,2,T1,True,1,1,Found
7,4,1.0,4,T2,False,0,0,NoDiff
7,4,1.0,4,T1,True,1,2,Found
7,4,1.0,2,T2,False,0,0,NoDiff
7,4,1.0,2,T1,True,1,1,Found
7,4,1.0,8,T1,False,0,0,NoDiff
7,4,1.0,8,T2,True,1,4,Found
7,4,0.75,2,T2,False,0,0,NoDiff
7,4,0.75,2,T1,True,1,1,Found
7,4,0.75,8,T2,True,1,3,Found
7,4,0.75,8,T1,False,0,0,NoDiff
7,4,0.75,4,T2,False,0,0,NoDiff
7,4,0.75,4,T1,True,1,2,Found
7,4,0.0,2,T1,True,1,1,Found
7,4,0.0,2,T2,False,0,0,NoDiff
7,4,0.0,4,T1,True,1,2,Found
7,4,0.0,4,T2,False,0,0,NoDiff
7,4,0.0,8,T1,False,0,0,NoDiff
7,4,0.0,8,T2,True,1,3,Found
7,12,0.25,4,T2,False,0,0,NoDiff
7,12,0.25,4,T3,False,0,0,NoDiff
7,12,0.25,4,T5,False,0,0,NoDiff
7,12,0.25,4,T4,False,0,0,NoDiff
7,12,0.25,4,T6,False,0,0,NoDiff
7,12,0.25,4,T1,True,1,7,Found
7,12,0.25,8,T1,False,0,0,NoDiff
7,12,0.25,8,T3,True,1,1,Found
7,12,0.25,8,T4,False,0,0,NoDiff
7,12,0.25,8,T2,False,0,0,NoDiff
7,12,0.25,8,T5,False,0,0,NoDiff
7,12,0.25,8,T6,True,1,2,Found
7,12,0.25,2,T4,False,0,0,NoDiff
7,12,0.25,2,T1,False,0,0,NoDiff
7,12,0.25,2,T6,True,1,4,Found
7,12,0.25,2,T2,False,0,0,NoDiff
7,12,0.25,2,T3,False,0,0,NoDiff
7,12,0.25,2,T5,False,0,0,NoDiff
7,12,0.75,8,T1,False,0,0,NoDiff
7,12,0.75,8,T5,False,0,0,NoDiff
7,12,0.75,8,T2,False,0,0,NoDiff
7,12,0.75,8,T6,True,1,2,Found
7,12,0.75,8,T3,True,1,1,Found
7,12,0.75,8,T4,False,0,0,NoDiff
7,12,0.75,4,T2,False,0,0,NoDiff
7,12,0.75,4,T5,False,0,0,NoDiff
7,12,0.75,4,T4,False,0,0,NoDiff
7,12,0.75,4,T6,False,0,0,NoDiff
7,12,0.75,4,T1,False,0,0,NoDiff
7,12,0.75,4,T3,True,1,7,Found
7,12,0.75,2,T2,False,0,0,NoDiff
7,12,0.75,2,T1,True,1,6,Found
7,12,0.75,2,T5,False,0,0,NoDiff
7,12,0.75,2,T4,False,0,0,NoDiff
7,12,0.75,2,T6,True,1,3,Found
7,12,0.75,2,T3,False,0,0,NoDiff
7,12,1.0,8,T3,True,1,1,Found
7,12,1.0,8,T2,False,0,0,NoDiff
7,12,1.0,8,T6,True,1,2,Found
7,12,1.0,8,T1,False,0,0,NoDiff
7,12,1.0,8,T5,False,0,0,NoDiff
7,12,1.0,8,T4,False,0,0,NoDiff
7,12,1.0,2,T1,True,1,3,Found
7,12,1.0,2,T5,False,0,0,NoDiff
7,12,1.0,2,T2,False,0,0,NoDiff
7,12,1.0,2,T3,False,0,0,NoDiff
7,12,1.0,2,T6,True,1,3,Found
7,12,1.0,2,T4,False,0,0,NoDiff
7,12,1.0,4,T2,False,0,0,NoDiff
7,12,1.0,4,T3,True,1,4,Found
7,12,1.0,4,T5,False,0,0,NoDiff
7,12,1.0,4,T6,False,0,0,NoDiff
7,12,1.0,4,T4,False,0,0,NoDiff
7,12,1.0,4,T1,False,0,0,NoDiff
7,12,0.5,2,T4,False,0,0,NoDiff
7,12,0.5,2,T1,False,0,0,NoDiff
7,12,0.5,2,T5,False,0,0,NoDiff
7,12,0.5,2,T3,False,0,0,NoDiff
7,12,0.5,2,T2,False,0,0,NoDiff
7,12,0.5,2,T6,True,1,6,Found
7,12,0.5,4,T6,False,0,0,NoDiff
7,12,0.5,4,T4,False,0,0,NoDiff
7,12,0.5,4,T3,False,0,0,NoDiff
7,12,0.5,4,T5,False,0,0,NoDiff
7,12,0.5,4,T1,True,1,8,Found
7,12,0.5,4,T2,False,0,0,NoDiff
7,12,0.5,8,T2,False,0,0,NoDiff
7,12,0.5,8,T1,False,0,0,NoDiff
7,12,0.5,8,T6,True,1,2,Found
7,12,0.5,8,T3,True,1,1,Found
7,12,0.5,8,T5,False,0,0,NoDiff
7,12,0.5,8,T4,False,0,0,NoDiff
7,12,0.0,2,T3,False,0,0,NoDiff
7,12,0.0,2,T1,False,0,0,NoDiff
7,12,0.0,2,T4,False,0,0,NoDiff
7,12,0.0,2,T6,False,0,0,NoDiff
7,12,0.0,2,T5,False,0,0,NoDiff
7,12,0.0,2,T2,False,0,0,NoDiff
7,12,0.0,8,T1,False,0,0,NoDiff
7,12,0.0,8,T5,False,0,0,NoDiff
7,12,0.0,8,T4,False,0,0,NoDiff
7,12,0.0,8,T2,False,0,0,NoDiff
7,12,0.0,8,T6,True,1,2,Found
7,12,0.0,8,T3,True,1,1,Found
7,12,0.0,4,T1,True,1,6,Found
7,12,0.0,4,T5,False,0,0,NoDiff
7,12,0.0,4,T3,False,0,0,NoDiff
7,12,0.0,4,T2,False,0,0,NoDiff
7,12,0.0,4,T4,False,0,0,NoDiff
7,12,0.0,4,T6,True,1,4,Found
8,12,0.0,2,T1,False,0,0,NoDiff
8,12,0.0,2,T3,False,0,0,NoDiff
8,12,0.0,2,T2,False,0,0,NoDiff
8,12,0.0,2,T6,False,0,0,NoDiff
8,12,0.0,2,T4,False,0,0,NoDiff
8,12,0.0,2,T5,False,0,0,NoDiff
8,12,0.0,8,T4,False,0,0,NoDiff
8,12,0.0,8,T1,False,0,0,NoDiff
8,12,0.0,8,T2,False,0,0,NoDiff
8,12,0.0,8,T6,False,0,0,NoDiff
8,12,0.0,8,T5,False,0,0,NoDiff
8,12,0.0,8,T3,False,0,0,NoDiff
8,12,0.0,4,T6,True,1,4,Found
8,12,0.0,4,T1,True,1,5,Found
8,12,0.0,4,T4,True,1,4,Found
8,12,0.0,4,T3,True,1,5,Found
8,12,0.0,4,T2,True,1,7,Found
8,12,0.0,4,T5,True,1,4,Found
8,12,0.5,8,T1,False,0,0,NoDiff
8,12,0.5,8,T5,False,0,0,NoDiff
8,12,0.5,8,T3,True,1,5,Found
8,12,0.5,8,T2,False,0,0,NoDiff
8,12,0.5,8,T6,True,1,6,Found
8,12,0.5,8,T4,False,0,0,NoDiff
8,12,0.5,4,T2,True,1,10,Found
8,12,0.5,4,T3,False,0,0,NoDiff
8,12,0.5,4,T6,True,1,7,Found
8,12,0.5,4,T4,True,1,5,Found
8,12,0.5,4,T1,True,1,5,Found
8,12,0.5,4,T5,True,1,5,Found
8,12,0.5,2,T5,False,0,0,NoDiff
8,12,0.5,2,T6,False,0,0,NoDiff
8,12,0.5,2,T1,False,0,0,NoDiff
8,12,0.5,2,T2,False,0,0,NoDiff
8,12,0.5,2,T4,False,0,0,NoDiff
8,12,0.5,2,T3,False,0,0,NoDiff
8,12,0.75,8,T6,False,0,0,NoDiff
8,12,0.75,8,T1,False,0,0,NoDiff
8,12,0.75,8,T2,False,0,0,NoDiff
8,12,0.75,8,T4,False,0,0,NoDiff
8,12,0.75,8,T3,False,0,0,NoDiff
8,12,0.75,8,T5,False,0,0,NoDiff
8,12,0.75,2,T3,False,0,0,NoDiff
8,12,0.75,2,T1,False,0,0,NoDiff
8,12,0.75,2,T6,False,0,0,NoDiff
8,12,0.75,2,T4,False,0,0,NoDiff
8,12,0.75,2,T2,False,0,0,NoDiff
8,12,0.75,2,T5,False,0,0,NoDiff
8,12,0.75,4,T5,True,1,4,Found
8,12,0.75,4,T1,True,1,6,Found
8,12,0.75,4,T2,False,0,0,NoDiff
8,12,0.75,4,T6,True,1,7,Found
8,12,0.75,4,T3,False,0,0,NoDiff
8,12,0.75,4,T4,True,1,5,Found
8,12,0.25,2,T5,True,1,4,Found
8,12,0.25,2,T1,False,0,0,NoDiff
8,12,0.25,2,T3,False,0,0,NoDiff
8,12,0.25,2,T4,False,0,0,NoDiff
8,12,0.25,2,T2,False,0,0,NoDiff
8,12,0.25,2,T6,False,0,0,NoDiff
8,12,0.25,8,T1,False,0,0,NoDiff
8,12,0.25,8,T4,False,0,0,NoDiff
8,12,0.25,8,T3,False,0,0,NoDiff
8,12,0.25,8,T5,False,0,0,NoDiff
8,12,0.25,8,T6,False,0,0,NoDiff
8,12,0.25,8,T2,False,0,0,NoDiff
8,12,0.25,4,T3,False,0,0,NoDiff
8,12,0.25,4,T4,True,1,8,Found
8,12,0.25,4,T5,True,1,7,Found
8,12,0.25,4,T1,True,1,5,Found
8,12,0.25,4,T6,False,0,0,NoDiff
8,12,0.25,4,T2,False,0,0,NoDiff
8,12,1.0,8,T5,False,0,0,NoDiff
8,12,1.0,8,T6,False,0,0,NoDiff
8,12,1.0,8,T3,False,0,0,NoDiff
8,12,1.0,8,T4,False,0,0,NoDiff
8,12,1.0,8,T1,True,1,7,Found
8,12,1.0,8,T2,False,0,0,NoDiff
8,12,1.0,2,T2,False,0,0,NoDiff
8,12,1.0,2,T3,False,0,0,NoDiff
8,12,1.0,2,T5,True,1,3,Found
8,12,1.0,2,T6,False,0,0,NoDiff
8,12,1.0,2,T4,False,0,0,NoDiff
8,12,1.0,2,T1,False,0,0,NoDiff
8,12,1.0,4,T3,False,0,0,NoDiff
8,12,1.0,4,T5,True,1,9,Found
8,12,1.0,4,T6,True,1,6,Found
8,12,1.0,4,T4,True,1,10,Found
8,12,1.0,4,T2,True,1,10,Found
8,12,1.0,4,T1,False,0,0,NoDiff
8,8,1.0,4,T2,True,1,1,Found
8,8,1.0,4,T4,True,1,2,Found
8,8,1.0,4,T1,True,1,3,Found
8,8,1.0,4,T3,False,0,0,NoDiff
8,8,1.0,2,T2,False,0,0,NoDiff
8,8,1.0,2,T1,False,0,0,NoDiff
8,8,1.0,2,T4,True,1,2,Found
8,8,1.0,2,T3,False,0,0,NoDiff
8,8,1.0,8,T2,True,1,4,Found
8,8,1.0,8,T1,True,1,4,Found
8,8,1.0,8,T3,False,0,0,NoDiff
8,8,1.0,8,T4,False,0,0,NoDiff
8,8,0.75,8,T1,False,0,0,NoDiff
8,8,0.75,8,T4,False,0,0,NoDiff
8,8,0.75,8,T3,False,0,0,NoDiff
8,8,0.75,8,T2,False,0,0,NoDiff
8,8,0.75,2,T3,False,0,0,NoDiff
8,8,0.75,2,T1,False,0,0,NoDiff
8,8,0.75,2,T2,False,0,0,NoDiff
8,8,0.75,2,T4,True,1,2,Found
8,8,0.75,4,T4,False,0,0,NoDiff
8,8,0.75,4,T1,False,0,0,NoDiff
8,8,0.75,4,T3,True,1,4,Found
8,8,0.75,4,T2,False,0,0,NoDiff
8,8,0.25,4,T4,False,0,0,NoDiff
8,8,0.25,4,T1,True,1,3,Found
8,8,0.25,4,T2,True,1,1,Found
8,8,0.25,4,T3,False,0,0,NoDiff
8,8,0.25,2,T1,False,0,0,NoDiff
8,8,0.25,2,T2,False,0,0,NoDiff
8,8,0.25,2,T3,False,0,0,NoDiff
8,8,0.25,2,T4,True,1,3,Found
8,8,0.25,8,T3,False,0,0,NoDiff
8,8,0.25,8,T4,False,0,0,NoDiff
8,8,0.25,8,T2,True,1,4,Found
8,8,0.25,8,T1,True,1,3,Found
8,8,0.5,8,T4,False,0,0,NoDiff
8,8,0.5,8,T2,True,1,5,Found
8,8,0.5,8,T3,False,0,0,NoDiff
8,8,0.5,8,T1,True,1,3,Found
8,8,0.5,4,T2,True,1,1,Found
8,8,0.5,4,T4,False,0,0,NoDiff
8,8,0.5,4,T3,False,0,0,NoDiff
8,8,0.5,4,T1,True,1,3,Found
8,8,0.5,2,T1,False,0,0,NoDiff
8,8,0.5,2,T4,True,1,3,Found
8,8,0.5,2,T3,False,0,0,NoDiff
8,8,0.5,2,T2,False,0,0,NoDiff
8,8,0.0,2,T3,False,0,0,NoDiff
8,8,0.0,2,T4,True,1,3,Found
8,8,0.0,2,T2,False,0,0,NoDiff
8,8,0.0,2,T1,False,0,0,NoDiff
8,8,0.0,4,T1,False,0,0,NoDiff
8,8,0.0,4,T4,False,0,0,NoDiff
8,8,0.0,4,T3,False,0,0,NoDiff
8,8,0.0,4,T2,True,1,1,Found
8,8,0.0,8,T2,True,1,5,Found
8,8,0.0,8,T3,False,0,0,NoDiff
8,8,0.0,8,T4,False,0,0,NoDiff
8,8,0.0,8,T1,True,1,6,Found
8,4,0.75,2,T2,False,0,0,NoDiff
8,4,0.75,2,T1,False,0,0,NoDiff
8,4,0.75,4,T2,False,0,0,NoDiff
8,4,0.75,4,T1,False,0,0,NoDiff
8,4,0.75,8,T2,False,0,0,NoDiff
8,4,0.75,8,T1,False,0,0,NoDiff
8,4,0.5,2,T2,False,0,0,NoDiff
8,4,0.5,2,T1,False,0,0,NoDiff
8,4,0.5,8,T1,False,0,0,NoDiff
8,4,0.5,8,T2,False,0,0,NoDiff
8,4,0.5,4,T1,False,0,0,NoDiff
8,4,0.5,4,T2,False,0,0,NoDiff
8,4,1.0,8,T1,False,0,0,NoDiff
8,4,1.0,8,T2,False,0,0,NoDiff
8,4,1.0,4,T1,False,0,0,NoDiff
8,4,1.0,4,T2,False,0,0,NoDiff
8,4,1.0,2,T1,False,0,0,NoDiff
8,4,1.0,2,T2,False,0,0,NoDiff
8,4,0.0,8,T2,False,0,0,NoDiff
8,4,0.0,8,T1,False,0,0,NoDiff
8,4,0.0,4,T1,True,1,2,Found
8,4,0.0,4,T2,False,0,0,NoDiff
8,4,0.0,2,T2,False,0,0,NoDiff
8,4,0.0,2,T1,False,0,0,NoDiff
8,4,0.25,2,T1,False,0,0,NoDiff
8,4,0.25,2,T2,False,0,0,NoDiff
8,4,0.25,4,T1,False,0,0,NoDiff
8,4,0.25,4,T2,False,0,0,NoDiff
8,4,0.25,8,T1,False,0,0,NoDiff
8,4,0.25,8,T2,False,0,0,NoDiff
1,8,0.75,4,T4,False,0,0,NoDiff
1,8,0.75,4,T2,False,0,0,NoDiff
1,8,0.75,4,T3,False,0,0,NoDiff
1,8,0.75,4,T1,False,0,0,NoDiff
1,8,0.75,8,T1,False,0,0,NoDiff
1,8,0.75,8,T4,False,0,0,NoDiff
1,8,0.75,8,T2,False,0,0,NoDiff
1,8,0.75,8,T3,False,0,0,NoDiff
1,8,0.75,2,T1,False,0,0,NoDiff
1,8,0.75,2,T3,False,0,0,NoDiff
1,8,0.75,2,T2,True,1,6,Found
1,8,0.75,2,T4,False,0,0,NoDiff
1,8,0.25,4,T4,False,0,0,NoDiff
1,8,0.25,4,T2,False,0,0,NoDiff
1,8,0.25,4,T3,False,0,0,NoDiff
1,8,0.25,4,T1,False,0,0,NoDiff
1,8,0.25,2,T4,False,0,0,NoDiff
1,8,0.25,2,T2,False,0,0,NoDiff
1,8,0.25,2,T1,True,1,4,Found
1,8,0.25,2,T3,True,1,2,Found
1,8,0.25,8,T1,False,0,0,NoDiff
1,8,0.25,8,T2,False,0,0,NoDiff
1,8,0.25,8,T4,False,0,0,NoDiff
1,8,0.25,8,T3,False,0,0,NoDiff
1,8,1.0,2,T4,False,0,0,NoDiff
1,8,1.0,2,T2,True,1,6,Found
1,8,1.0,2,T3,False,0,0,NoDiff
1,8,1.0,2,T1,False,0,0,NoDiff
1,8,1.0,4,T1,False,0,0,NoDiff
1,8,1.0,4,T4,False,0,0,NoDiff
1,8,1.0,4,T2,False,0,0,NoDiff
1,8,1.0,4,T3,False,0,0,NoDiff
1,8,1.0,8,T4,False,0,0,NoDiff
1,8,1.0,8,T2,False,0,0,NoDiff
1,8,1.0,8,T3,False,0,0,NoDiff
1,8,1.0,8,T1,False,0,0,NoDiff
1,8,0.5,2,T1,False,0,0,NoDiff
1,8,0.5,2,T4,False,0,0,NoDiff
1,8,0.5,2,T3,False,0,0,NoDiff
1,8,0.5,2,T2,True,1,5,Found
1,8,0.5,4,T3,False,0,0,NoDiff
1,8,0.5,4,T1,False,0,0,NoDiff
1,8,0.5,4,T2,False,0,0,NoDiff
1,8,0.5,4,T4,False,0,0,NoDiff
1,8,0.5,8,T3,False,0,0,NoDiff
1,8,0.5,8,T2,False,0,0,NoDiff
1,8,0.5,8,T1,False,0,0,NoDiff
1,8,0.5,8,T4,False,0,0,NoDiff
1,8,0.0,8,T1,False,0,0,NoDiff
1,8,0.0,8,T4,False,0,0,NoDiff
1,8,0.0,8,T3,False,0,0,NoDiff
1,8,0.0,8,T2,False,0,0,NoDiff
1,8,0.0,4,T3,False,0,0,NoDiff
1,8,0.0,4,T2,False,0,0,NoDiff
1,8,0.0,4,T4,False,0,0,NoDiff
1,8,0.0,4,T1,False,0,0,NoDiff
1,8,0.0,2,T3,True,1,2,Found
1,8,0.0,2,T4,False,0,0,NoDiff
1,8,0.0,2,T2,False,0,0,NoDiff
1,8,0.0,2,T1,True,1,4,Found
1,12,1.0,8,T2,True,1,8,Found
1,12,1.0,8,T1,True,1,6,Found
1,12,1.0,8,T3,True,1,3,Found
1,12,1.0,8,T5,True,1,5,Found
1,12,1.0,8,T4,False,0,0,NoDiff
1,12,1.0,8,T6,False,0,0,NoDiff
1,12,1.0,4,T6,False,0,0,NoDiff
1,12,1.0,4,T4,False,0,0,NoDiff
1,12,1.0,4,T5,False,0,0,NoDiff
1,12,1.0,4,T1,False,0,0,NoDiff
1,12,1.0,4,T2,False,0,0,NoDiff
1,12,1.0,4,T3,False,0,0,NoDiff
1,12,1.0,2,T3,False,0,0,NoDiff
1,12,1.0,2,T6,True,1,7,Found
1,12,1.0,2,T5,True,1,7,Found
1,12,1.0,2,T4,True,1,10,Found
1,12,1.0,2,T1,False,0,0,NoDiff
1,12,1.0,2,T2,True,1,7,Found
1,12,0.25,4,T3,False,0,0,NoDiff
1,12,0.25,4,T5,False,0,0,NoDiff
1,12,0.25,4,T2,False,0,0,NoDiff
1,12,0.25,4,T4,False,0,0,NoDiff
1,12,0.25,4,T1,False,0,0,NoDiff
1,12,0.25,4,T6,False,0,0,NoDiff
1,12,0.25,2,T6,True,1,9,Found
1,12,0.25,2,T2,True,1,6,Found
1,12,0.25,2,T4,False,0,0,NoDiff
1,12,0.25,2,T5,True,1,7,Found
1,12,0.25,2,T3,True,1,6,Found
1,12,0.25,2,T1,False,0,0,NoDiff
1,12,0.25,8,T5,True,1,3,Found
1,12,0.25,8,T1,True,1,4,Found
1,12,0.25,8,T2,True,1,7,Found
1,12,0.25,8,T3,True,1,1,Found
1,12,0.25,8,T4,True,1,4,Found
1,12,0.25,8,T6,False,0,0,NoDiff
1,12,0.5,2,T4,False,0,0,NoDiff
1,12,0.5,2,T3,False,0,0,NoDiff
1,12,0.5,2,T2,False,0,0,NoDiff
1,12,0.5,2,T6,False,0,0,NoDiff
1,12,0.5,2,T5,True,1,7,Found
1,12,0.5,2,T1,False,0,0,NoDiff
1,12,0.5,8,T5,False,0,0,NoDiff
1,12,0.5,8,T1,True,1,1,Found
1,12,0.5,8,T3,False,0,0,NoDiff
1,12,0.5,8,T6,False,0,0,NoDiff
1,12,0.5,8,T2,False,0,0,NoDiff
1,12,0.5,8,T4,False,0,0,NoDiff
1,12,0.5,4,T3,False,0,0,NoDiff
1,12,0.5,4,T5,False,0,0,NoDiff
1,12,0.5,4,T6,False,0,0,NoDiff
1,12,0.5,4,T2,False,0,0,NoDiff
1,12,0.5,4,T1,False,0,0,NoDiff
1,12,0.5,4,T4,False,0,0,NoDiff
1,12,0.75,4,T6,False,0,0,NoDiff
1,12,0.75,4,T2,False,0,0,NoDiff
1,12,0.75,4,T4,False,0,0,NoDiff
1,12,0.75,4,T5,False,0,0,NoDiff
1,12,0.75,4,T3,False,0,0,NoDiff
1,12,0.75,4,T1,False,0,0,NoDiff
1,12,0.75,8,T5,True,1,3,Found
1,12,0.75,8,T3,False,0,0,NoDiff
1,12,0.75,8,T2,False,0,0,NoDiff
1,12,0.75,8,T4,False,0,0,NoDiff
1,12,0.75,8,T1,True,1,1,Found
1,12,0.75,8,T6,False,0,0,NoDiff
1,12,0.75,2,T1,False,0,0,NoDiff
1,12,0.75,2,T4,True,1,4,Found
1,12,0.75,2,T3,True,1,7,Found
1,12,0.75,2,T6,True,1,8,Found
1,12,0.75,2,T2,False,0,0,NoDiff
1,12,0.75,2,T5,False,0,0,NoDiff
1,12,0.0,2,T3,True,1,5,Found
1,12,0.0,2,T2,True,1,8,Found
1,12,0.0,2,T1,False,0,0,NoDiff
1,12,0.0,2,T5,True,1,7,Found
1,12,0.0,2,T4,True,1,10,Found
1,12,0.0,2,T6,True,1,9,Found
1,12,0.0,8,T1,True,1,4,Found
1,12,0.0,8,T2,True,1,9,Found
1,12,0.0,8,T3,True,1,1,Found
1,12,0.0,8,T5,True,1,3,Found
1,12,0.0,8,T6,False,0,0,NoDiff
1,12,0.0,8,T4,False,0,0,NoDiff
1,12,0.0,4,T3,False,0,0,NoDiff
1,12,0.0,4,T1,False,0,0,NoDiff
1,12,0.0,4,T2,False,0,0,NoDiff
1,12,0.0,4,T6,False,0,0,NoDiff
1,12,0.0,4,T4,False,0,0,NoDiff
1,12,0.0,4,T5,False,0,0,NoDiff
1,4,1.0,2,T1,True,1,3,Found
1,4,1.0,2,T2,True,1,2,Found
1,4,1.0,8,T2,False,0,0,NoDiff
1,4,1.0,8,T1,True,1,4,Found
1,4,1.0,4,T1,False,0,0,NoDiff
1,4,1.0,4,T2,False,0,0,NoDiff
1,4,0.5,2,T2,True,1,3,Found
1,4,0.5,2,T1,True,1,4,Found
1,4,0.5,4,T1,False,0,0,NoDiff
1,4,0.5,4,T2,False,0,0,NoDiff
1,4,0.5,8,T2,False,0,0,NoDiff
1,4,0.5,8,T1,True,1,3,Found
1,4,0.0,2,T1,True,1,3,Found
1,4,0.0,2,T2,True,1,3,Found
1,4,0.0,4,T1,False,0,0,NoDiff
1,4,0.0,4,T2,False,0,0,NoDiff
1,4,0.0,8,T2,False,0,0,NoDiff
1,4,0.0,8,T1,True,1,4,Found
1,4,0.75,2,T1,True,1,4,Found
1,4,0.75,2,T2,True,1,3,Found
1,4,0.75,4,T2,False,0,0,NoDiff
1,4,0.75,4,T1,False,0,0,NoDiff
1,4,0.75,8,T1,True,1,3,Found
1,4,0.75,8,T2,False,0,0,NoDiff
1,4,0.25,2,T1,True,1,2,Found
1,4,0.25,2,T2,True,1,2,Found
1,4,0.25,8,T2,False,0,0,NoDiff
1,4,0.25,8,T1,True,1,3,Found
1,4,0.25,4,T2,False,0,0,NoDiff
1,4,0.25,4,T1,False,0,0,NoDiff
